seq_id,PCR1,PCR2
000000,270,798
000001,115,284
000002,312,9
000003,253,2
000004,480,652
000005,477,251
000006,211,1071
000007,214,259
000008,204,371
000009,199,92
000010,187,197
000011,243,483
000012,148,25
000013,722,96
000014,216,41
000015,147,841
000016,402,415
000017,159,315
000018,177,0
000019,421,28
000020,281,103
000021,331,627
000022,189,30
000023,354,0
000024,269,565
000025,944,198
000026,280,506
000027,532,609
000028,192,10
000029,187,1
000030,408,1457
000031,1000,684
000032,368,272
000033,178,460
000034,253,405
000035,359,0
000036,227,802
000037,232,0
000038,242,454
000039,485,868
000040,404,216
000041,235,0
000042,887,396
000043,199,32
000044,533,288
000045,593,729
000046,313,542
000047,257,305
000048,459,247
000049,174,165
000050,317,150
000051,317,350
000052,946,1383
000053,228,30
000054,358,151
000055,303,309
000056,271,1
000057,904,572
000058,305,628
000059,135,2
000060,529,529
000061,387,308
000062,315,247
000063,258,149
000064,766,117
000065,337,0
000066,313,35
000067,252,79
000068,359,180
000069,513,378
000070,183,496
000071,356,104
000072,698,979
000073,617,642
000074,125,0
000075,370,502
000076,248,171
000077,426,243
000078,344,251
000079,273,131
000080,324,133
000081,330,65
000082,353,743
000083,820,783
000084,466,1212
000085,278,307
000086,587,523
000087,315,26
000088,314,964
000089,184,239
000090,235,515
000091,380,442
000092,656,824
000093,273,666
000094,438,345
000095,75,69
000096,403,138
000097,296,985
000098,755,215
000099,148,598
000100,532,119
000101,442,1524
000102,646,776
000103,350,613
000104,48,227
000105,403,615
000106,449,21
000107,556,48
000108,396,68
000109,195,0
000110,317,321
000111,102,301
000112,133,188
000113,283,393
000114,116,1
000115,612,472
000116,165,0
000117,702,361
000118,504,804
000119,485,507
000120,275,148
000121,410,0
000122,200,189
000123,791,1113
000124,249,74
000125,261,112
000126,554,304
000127,97,14
000128,470,348
000129,313,323
000130,603,365
000131,744,297
000132,579,1139
000133,504,2
000134,348,84
000135,259,105
000136,186,329
000137,265,199
000138,532,521
000139,361,1557
000140,184,10
000141,282,344
000142,232,21
000143,367,0
000144,151,0
000145,453,396
000146,540,1507
000147,642,643
000148,431,725
000149,1128,443
000150,327,753
000151,570,990
000152,205,160
000153,1146,740
000154,773,282
000155,249,299
000156,366,7
000157,493,364
000158,173,0
000159,187,156
000160,331,342
000161,437,137
000162,372,295
000163,134,1
000164,609,1553
000165,351,73
000166,440,1391
000167,162,120
000168,352,0
000169,553,219
000170,178,12
000171,560,482
000172,283,0
000173,670,748
000174,408,263
000175,2346,3276
000176,190,1
000177,353,306
000178,270,1069
000179,266,598
000180,763,544
000181,136,5
000182,131,0
000183,345,4
000184,206,0
000185,596,618
000186,933,206
000187,203,1135
000188,790,424
000189,194,133
000190,471,946
000191,353,23
000192,463,319
000193,687,0
000194,239,340
000195,467,77
000196,204,122
000197,284,321
000198,313,158
000199,603,795
000200,207,1269
000201,303,439
000202,334,90
000203,590,140
000204,440,119
000205,141,9
000206,381,1071
000207,524,1079
000208,239,0
000209,291,515
000210,316,829
000211,440,99
000212,428,604
000213,409,1049
000214,308,8
000215,220,99
000216,219,125
000217,413,781
000218,375,48
000219,1136,494
000220,295,234
000221,717,687
000222,292,12
000223,216,10
000224,1034,477
000225,243,382
000226,135,6
000227,257,0
000228,496,873
000229,179,10
000230,783,506
000231,211,1284
000232,824,268
000233,174,0
000234,437,288
000235,539,270
000236,235,400
000237,260,262
000238,446,386
000239,337,1190
000240,108,850
000241,209,36
000242,265,114
000243,241,2
000244,329,427
000245,229,0
000246,269,700
000247,432,37
000248,468,870
000249,121,13
000250,659,735
000251,1061,944
000252,209,41
000253,240,386
000254,277,6
000255,180,0
000256,383,0
000257,138,0
000258,294,90
000259,186,9
000260,1162,1586
000261,487,235
000262,503,243
000263,162,0
000264,285,180
000265,453,367
000266,944,252
000267,974,599
000268,539,277
000269,339,227
000270,295,141
000271,363,1
000272,594,515
000273,408,371
000274,192,13
000275,653,1402
000276,373,205
000277,415,560
000278,565,1043
000279,408,373
000280,495,343
000281,480,104
000282,441,265
000283,139,163
000284,303,0
000285,348,4
000286,246,0
000287,159,9
000288,412,75
000289,104,138
000290,669,295
000291,254,704
000292,294,179
000293,383,0
000294,307,550
000295,490,492
000296,455,14
000297,283,307
000298,205,52
000299,470,498
000300,496,12
000301,325,18
000302,608,484
000303,192,254
000304,397,68
000305,385,335
000306,343,154
000307,157,78
000308,592,318
000309,804,0
000310,242,527
000311,347,237
000312,246,0
000313,82,6
000314,139,42
000315,422,53
000316,742,953
000317,164,729
000318,188,0
000319,507,688
000320,520,631
000321,483,982
000322,370,94
000323,244,154
000324,716,2221
000325,261,98
000326,1147,1198
000327,401,673
000328,317,78
000329,181,10
000330,583,241
000331,210,247
000332,586,282
000333,753,329
000334,681,1692
000335,361,34
000336,246,5
000337,289,703
000338,138,0
000339,927,815
000340,176,240
000341,213,31
000342,370,980
000343,287,280
000344,328,34
000345,178,230
000346,407,248
000347,535,1111
000348,268,671
000349,329,396
000350,372,703
000351,289,69
000352,268,0
000353,580,562
000354,337,689
000355,208,860
000356,524,269
000357,445,1078
000358,1038,541
000359,823,4
000360,368,81
000361,144,118
000362,365,216
000363,621,284
000364,92,27
000365,316,168
000366,912,1051
000367,545,832
000368,441,597
000369,705,118
000370,315,116
000371,177,9
000372,1066,811
000373,250,0
000374,846,224
000375,669,247
000376,365,148
000377,532,465
000378,353,291
000379,336,427
000380,249,60
000381,281,24
000382,267,29
000383,283,357
000384,204,7
000385,456,564
000386,226,18
000387,235,0
000388,162,217
000389,402,1118
000390,386,548
000391,215,8
000392,176,415
000393,208,71
000394,638,618
000395,406,341
000396,596,34
000397,333,1114
000398,315,460
000399,724,1028
000400,344,471
000401,264,2
000402,444,109
000403,704,517
000404,690,174
000405,686,614
000406,290,2
000407,258,520
000408,452,404
000409,366,2022
000410,252,305
000411,129,780
000412,467,1890
000413,342,1656
000414,282,85
000415,266,57
000416,363,17
000417,378,200
000418,579,47
000419,407,986
000420,229,65
000421,451,653
000422,1200,733
000423,459,254
000424,515,458
000425,591,8
000426,161,105
000427,934,588
000428,861,162
000429,250,878
000430,751,2417
000431,432,414
000432,241,15
000433,147,22
000434,329,54
000435,314,0
000436,443,368
000437,285,169
000438,955,426
000439,352,389
000440,161,1273
000441,130,0
000442,281,253
000443,196,137
000444,134,5
000445,311,0
000446,591,582
000447,987,316
000448,683,1424
000449,226,245
000450,327,113
000451,435,819
000452,690,1568
000453,333,1448
000454,455,745
000455,227,505
000456,246,100
000457,219,373
000458,345,30
000459,618,104
000460,228,239
000461,224,622
000462,458,603
000463,706,460
000464,387,755
000465,303,2
000466,536,356
000467,169,0
000468,623,307
000469,666,541
000470,249,852
000471,46,0
000472,121,232
000473,265,146
000474,108,0
000475,399,1781
000476,335,581
000477,244,236
000478,236,54
000479,307,153
000480,266,665
000481,852,510
000482,1498,172
000483,292,1223
000484,232,68
000485,294,184
000486,198,0
000487,514,867
000488,666,520
000489,646,1352
000490,348,415
000491,374,119
000492,626,230
000493,186,0
000494,386,192
000495,272,444
000496,178,0
000497,175,208
000498,524,906
000499,501,27
000500,564,554
000501,232,162
000502,464,53
000503,331,100
000504,637,1247
000505,247,566
000506,358,391
000507,599,850
000508,164,105
000509,326,1116
000510,341,76
000511,479,419
000512,720,381
000513,226,316
000514,127,12
000515,111,4
000516,237,313
000517,485,662
000518,170,5
000519,628,281
000520,220,208
000521,423,195
000522,402,325
000523,441,293
000524,218,459
000525,1156,1827
000526,791,325
000527,374,99
000528,310,420
000529,371,362
000530,463,259
000531,1211,440
000532,832,369
000533,120,44
000534,632,237
000535,765,133
000536,482,451
000537,389,552
000538,199,144
000539,621,927
000540,374,454
000541,275,8
000542,402,665
000543,243,0
000544,412,1103
000545,359,275
000546,450,68
000547,210,73
000548,203,305
000549,621,826
000550,359,906
000551,1444,30
000552,394,0
000553,570,330
000554,341,274
000555,198,11
000556,266,837
000557,198,196
000558,424,486
000559,98,0
000560,167,226
000561,206,168
000562,595,130
000563,365,0
000564,1660,981
000565,177,242
000566,398,705
000567,394,119
000568,335,738
000569,743,290
000570,802,1563
000571,569,254
000572,457,49
000573,623,2206
000574,294,510
000575,187,93
000576,409,1108
000577,283,149
000578,490,309
000579,291,656
000580,271,76
000581,142,152
000582,550,975
000583,415,55
000584,377,155
000585,218,2
000586,963,639
000587,361,232
000588,840,1650
000589,157,6
000590,182,455
000591,678,217
000592,203,0
000593,164,29
000594,324,207
000595,467,740
000596,571,1524
000597,259,0
000598,519,359
000599,468,20
000600,512,267
000601,269,202
000602,715,576
000603,418,252
000604,276,106
000605,299,5
000606,310,501
000607,1060,877
000608,674,492
000609,234,0
000610,397,192
000611,181,147
000612,1802,352
000613,982,738
000614,251,3
000615,802,390
000616,429,12
000617,315,211
000618,214,10
000619,659,162
000620,317,50
000621,231,0
000622,315,0
000623,1114,2716
000624,420,28
000625,460,326
000626,325,2
000627,288,198
000628,719,194
000629,311,603
000630,359,159
000631,289,0
000632,403,256
000633,656,283
000634,688,2
000635,697,1124
000636,283,108
000637,177,58
000638,233,333
000639,1044,1233
000640,702,961
000641,309,807
000642,1164,1344
000643,471,211
000644,710,538
000645,176,14
000646,292,86
000647,466,374
000648,310,10
000649,611,891
000650,192,19
000651,266,168
000652,316,239
000653,288,333
000654,414,561
000655,243,183
000656,214,72
000657,281,1010
000658,1401,677
000659,221,69
000660,726,1438
000661,188,10
000662,449,913
000663,388,373
000664,599,851
000665,201,2
000666,589,633
000667,244,0
000668,445,386
000669,743,208
000670,238,73
000671,338,199
000672,519,983
000673,406,167
000674,237,2
000675,303,280
000676,394,222
000677,945,903
000678,685,1623
000679,242,535
000680,222,80
000681,244,4
000682,329,329
000683,73,0
000684,486,400
000685,364,727
000686,136,443
000687,989,1603
000688,1043,311
000689,367,203
000690,615,494
000691,222,248
000692,842,1341
000693,449,311
000694,176,2
000695,197,2
000696,551,14
000697,162,2
000698,505,278
000699,661,243
000700,203,410
000701,391,2533
000702,324,111
000703,227,16
000704,276,10
000705,434,976
000706,159,768
000707,366,1141
000708,134,259
000709,413,92
000710,317,184
000711,387,185
000712,498,269
000713,77,16
000714,254,176
000715,241,24
000716,335,0
000717,226,29
000718,233,0
000719,725,889
000720,144,0
000721,259,525
000722,478,421
000723,519,390
000724,975,35
000725,153,13
000726,434,139
000727,1235,99
000728,219,68
000729,122,76
000730,273,532
000731,289,8
000732,194,19
000733,368,391
000734,466,16
000735,112,11
000736,362,305
000737,464,230
000738,158,1
000739,697,746
000740,311,990
000741,206,0
000742,248,202
000743,505,526
000744,511,144
000745,290,2
000746,675,170
000747,216,6
000748,427,192
000749,272,924
000750,246,1037
000751,592,159
000752,599,636
000753,315,353
000754,749,0
000755,510,2562
000756,425,858
000757,234,39
000758,212,74
000759,1043,365
000760,294,285
000761,415,390
000762,466,691
000763,583,454
000764,457,233
000765,372,656
000766,272,520
000767,440,105
000768,973,2788
000769,649,88
000770,282,0
000771,510,91
000772,281,375
000773,182,311
000774,200,477
000775,156,0
000776,247,533
000777,436,300
000778,227,122
000779,370,385
000780,928,300
000781,677,743
000782,408,762
000783,942,383
000784,330,737
000785,397,361
000786,532,395
000787,338,0
000788,415,0
000789,608,28
000790,470,344
000791,721,547
000792,207,714
000793,630,243
000794,429,18
000795,910,562
000796,506,116
000797,541,354
000798,498,2
000799,302,0
000800,816,234
000801,688,654
000802,469,409
000803,307,7
000804,392,702
000805,483,294
000806,866,1364
000807,276,306
000808,252,200
000809,261,17
000810,404,217
000811,280,1028
000812,221,349
000813,335,10
000814,300,131
000815,731,492
000816,218,314
000817,386,126
000818,216,176
000819,162,2
000820,284,58
000821,628,2
000822,300,3
000823,356,218
000824,312,260
000825,221,137
000826,646,654
000827,329,195
000828,170,9
000829,217,408
000830,402,14
000831,324,2
000832,199,361
000833,349,245
000834,136,19
000835,550,691
000836,456,2
000837,243,11
000838,360,127
000839,523,1014
000840,742,896
000841,351,45
000842,519,486
000843,388,2
000844,249,0
000845,717,1188
000846,360,520
000847,712,1581
000848,452,508
000849,503,317
000850,395,572
000851,504,60
000852,184,99
000853,401,0
000854,427,805
000855,270,792
000856,201,137
000857,601,215
000858,286,168
000859,320,65
000860,609,1570
000861,313,0
000862,156,213
000863,571,916
000864,91,724
000865,646,393
000866,1077,271
000867,301,0
000868,358,388
000869,154,0
000870,1104,1199
000871,178,2
000872,429,618
000873,486,361
000874,490,389
000875,473,294
000876,393,44
000877,445,15
000878,114,121
000879,181,767
000880,358,402
000881,306,525
000882,1023,172
000883,524,70
000884,331,251
000885,433,190
000886,352,51
000887,326,0
000888,694,4
000889,545,0
000890,449,224
000891,149,16
000892,300,9
000893,710,262
000894,302,298
000895,559,252
000896,334,299
000897,186,0
000898,283,167
000899,204,118
000900,390,668
000901,232,3
000902,175,108
000903,282,95
000904,315,254
000905,317,143
000906,546,499
000907,351,199
000908,384,561
000909,453,43
000910,251,288
000911,452,0
000912,315,0
000913,354,787
000914,362,180
000915,377,1146
000916,284,451
000917,237,16
000918,215,913
000919,369,0
000920,148,457
000921,505,563
000922,511,476
000923,363,71
000924,786,1563
000925,436,1168
000926,264,175
000927,309,79
000928,318,0
000929,1436,1389
000930,248,116
000931,428,213
000932,153,8
000933,258,11
000934,218,73
000935,212,294
000936,516,1193
000937,569,624
000938,318,250
000939,302,78
000940,332,530
000941,391,385
000942,181,199
000943,168,567
000944,143,2
000945,544,180
000946,732,170
000947,409,242
000948,201,387
000949,466,386
000950,648,48
000951,453,16
000952,210,130
000953,483,212
000954,408,400
000955,209,201
000956,243,18
000957,805,478
000958,536,444
000959,242,241
000960,187,105
000961,206,110
000962,446,158
000963,444,545
000964,218,52
000965,959,750
000966,206,133
000967,470,1168
000968,599,103
000969,235,591
000970,480,478
000971,296,0
000972,265,711
000973,234,69
000974,540,492
000975,432,701
000976,346,204
000977,373,94
000978,381,315
000979,1079,812
000980,193,3
000981,944,2270
000982,207,482
000983,639,200
000984,133,0
000985,380,493
000986,325,372
000987,362,0
000988,232,189
000989,386,1147
000990,323,356
000991,581,3
000992,303,4
000993,549,134
000994,376,301
000995,421,394
000996,212,62
000997,642,370
000998,411,19
000999,191,234
001000,187,55
001001,537,1604
001002,488,592
001003,665,675
001004,391,255
001005,423,760
001006,343,730
001007,241,53
001008,328,204
001009,429,500
001010,225,76
001011,305,298
001012,367,265
001013,180,237
001014,204,307
001015,272,540
001016,507,643
001017,325,391
001018,330,2
001019,279,931
001020,220,233
001021,185,17
001022,982,309
001023,433,328
001024,622,158
001025,682,1834
001026,704,346
001027,594,801
001028,664,323
001029,458,126
001030,595,1001
001031,1297,780
001032,286,30
001033,315,303
001034,376,64
001035,471,920
001036,304,4
001037,292,249
001038,1076,640
001039,637,183
001040,179,4
001041,260,981
001042,328,149
001043,400,4
001044,662,683
001045,445,264
001046,223,169
001047,645,537
001048,475,21
001049,1373,454
001050,353,798
001051,336,136
001052,451,129
001053,525,316
001054,1641,1107
001055,308,0
001056,642,246
001057,312,163
001058,1258,491
001059,480,141
001060,290,221
001061,371,14
001062,530,140
001063,277,146
001064,981,1006
001065,709,296
001066,637,140
001067,306,620
001068,348,2
001069,240,0
001070,405,1167
001071,368,467
001072,416,113
001073,394,244
001074,55,0
001075,351,853
001076,1292,467
001077,399,243
001078,353,416
001079,348,0
001080,450,12
001081,136,370
001082,405,268
001083,223,793
001084,495,0
001085,300,849
001086,581,32
001087,267,0
001088,564,288
001089,384,13
001090,275,16
001091,225,280
001092,313,529
001093,229,43
001094,450,577
001095,363,0
001096,264,153
001097,329,310
001098,333,268
001099,227,96
001100,142,0
001101,423,625
001102,461,274
001103,423,537
001104,286,273
001105,376,451
001106,189,251
001107,1617,572
001108,448,585
001109,435,398
001110,437,318
001111,841,207
001112,926,1164
001113,175,0
001114,304,270
001115,979,201
001116,391,174
001117,144,323
001118,184,492
001119,283,61
001120,380,610
001121,233,350
001122,375,0
001123,367,0
001124,194,60
001125,297,2492
001126,414,140
001127,498,658
001128,312,0
001129,600,1195
001130,217,474
001131,857,1
001132,90,0
001133,666,903
001134,416,20
001135,316,2
001136,280,264
001137,127,45
001138,372,60
001139,197,46
001140,192,8
001141,913,766
001142,623,552
001143,638,246
001144,130,0
001145,114,75
001146,357,192
001147,128,0
001148,606,238
001149,494,240
001150,566,98
001151,151,2
001152,301,1009
001153,1224,2572
001154,952,233
001155,597,688
001156,321,165
001157,142,92
001158,481,960
001159,276,535
001160,389,43
001161,1792,839
001162,219,0
001163,790,712
001164,949,489
001165,175,26
001166,274,151
001167,364,276
001168,174,0
001169,470,903
001170,368,281
001171,1041,2981
001172,259,124
001173,279,622
001174,294,382
001175,340,12
001176,488,277
001177,704,1207
001178,404,370
001179,364,95
001180,798,662
001181,218,163
001182,596,396
001183,208,399
001184,855,866
001185,479,644
001186,291,26
001187,764,289
001188,386,311
001189,321,147
001190,182,184
001191,311,216
001192,327,1593
001193,221,36
001194,644,517
001195,288,94
001196,238,819
001197,520,512
001198,1015,604
001199,274,1466
001200,313,130
001201,309,99
001202,416,158
001203,512,329
001204,834,582
001205,458,941
001206,159,57
001207,318,1011
001208,352,1301
001209,215,0
001210,122,0
001211,138,4
001212,508,559
001213,301,14
001214,467,173
001215,258,154
001216,349,396
001217,673,772
001218,1060,1115
001219,347,2
001220,259,13
001221,181,131
001222,322,7
001223,256,889
001224,868,538
001225,291,596
001226,739,291
001227,321,188
001228,391,574
001229,398,834
001230,351,0
001231,155,0
001232,420,310
001233,602,262
001234,265,281
001235,592,944
001236,571,150
001237,680,392
001238,459,1124
001239,505,564
001240,207,323
001241,444,47
001242,347,410
001243,298,931
001244,228,14
001245,1317,1399
001246,285,629
001247,308,909
001248,534,110
001249,365,591
001250,566,211
001251,171,189
001252,438,206
001253,342,491
001254,524,71
001255,556,277
001256,528,362
001257,225,16
001258,263,173
001259,480,177
001260,323,121
001261,458,122
001262,380,458
001263,1081,148
001264,320,125
001265,638,648
001266,472,55
001267,819,516
001268,306,61
001269,518,406
001270,293,747
001271,445,63
001272,429,188
001273,229,87
001274,729,194
001275,319,26
001276,229,19
001277,456,147
001278,438,18
001279,247,0
001280,255,0
001281,342,0
001282,492,1183
001283,293,622
001284,209,160
001285,977,614
001286,211,0
001287,266,0
001288,433,1683
001289,455,380
001290,495,917
001291,695,325
001292,325,0
001293,337,98
001294,270,448
001295,166,105
001296,294,5
001297,364,160
001298,325,717
001299,314,290
001300,278,37
001301,520,482
001302,635,567
001303,251,24
001304,557,136
001305,188,1400
001306,152,791
001307,1055,477
001308,183,12
001309,127,0
001310,520,75
001311,285,41
001312,332,906
001313,893,0
001314,178,51
001315,478,406
001316,244,529
001317,612,855
001318,115,237
001319,900,730
001320,204,0
001321,499,88
001322,221,345
001323,200,290
001324,530,1703
001325,197,132
001326,450,346
001327,1369,642
001328,236,35
001329,146,49
001330,365,248
001331,576,452
001332,1152,1097
001333,346,11
001334,883,98
001335,436,409
001336,388,17
001337,603,213
001338,207,129
001339,306,299
001340,192,324
001341,162,141
001342,203,90
001343,283,9
001344,331,2
001345,347,588
001346,636,605
001347,356,513
001348,590,787
001349,398,35
001350,168,624
001351,908,1045
001352,528,1923
001353,473,90
001354,509,79
001355,137,2
001356,250,0
001357,608,690
001358,417,84
001359,322,707
001360,676,1761
001361,544,347
001362,849,214
001363,299,6
001364,381,162
001365,357,474
001366,484,611
001367,237,28
001368,631,463
001369,194,0
001370,827,414
001371,419,895
001372,224,178
001373,442,34
001374,482,1235
001375,600,482
001376,542,345
001377,337,892
001378,452,472
001379,682,2241
001380,236,41
001381,554,52
001382,405,298
001383,215,0
001384,124,86
001385,161,1
001386,422,212
001387,355,0
001388,136,28
001389,479,10
001390,627,1393
001391,850,324
001392,624,633
001393,77,0
001394,544,974
001395,390,277
001396,481,400
001397,433,430
001398,344,394
001399,680,624
001400,1008,1164
001401,264,799
001402,189,919
001403,279,817
001404,469,281
001405,215,471
001406,228,138
001407,157,132
001408,939,744
001409,298,209
001410,237,25
001411,862,1571
001412,201,77
001413,185,181
001414,221,248
001415,547,596
001416,758,317
001417,1034,1282
001418,331,675
001419,212,340
001420,390,66
001421,94,275
001422,325,390
001423,1341,1973
001424,281,34
001425,230,537
001426,348,104
001427,455,136
001428,257,202
001429,391,62
001430,227,18
001431,294,611
001432,354,604
001433,221,420
001434,401,391
001435,1154,390
001436,198,187
001437,411,72
001438,348,8
001439,217,3
001440,597,169
001441,522,362
001442,626,167
001443,621,110
001444,1214,440
001445,711,415
001446,379,20
001447,511,47
001448,196,455
001449,418,596
001450,411,232
001451,486,554
001452,456,0
001453,966,277
001454,952,510
001455,232,1
001456,491,397
001457,240,399
001458,420,313
001459,287,497
001460,491,40
001461,475,1196
001462,419,1706
001463,426,730
001464,462,385
001465,544,136
001466,238,7
001467,1229,2640
001468,362,929
001469,374,156
001470,257,301
001471,692,300
001472,192,14
001473,639,758
001474,268,0
001475,361,480
001476,317,0
001477,411,298
001478,312,1058
001479,234,1329
001480,244,81
001481,357,214
001482,243,68
001483,411,400
001484,443,613
001485,279,78
001486,742,1288
001487,385,1105
001488,140,265
001489,375,914
001490,347,751
001491,1196,686
001492,439,855
001493,580,1842
001494,375,439
001495,431,205
001496,551,252
001497,858,795
001498,298,136
001499,373,18
001500,576,335
001501,99,50
001502,130,1
001503,203,0
001504,346,22
001505,545,101
001506,184,26
001507,451,0
001508,439,453
001509,481,1001
001510,400,608
001511,526,148
001512,231,532
001513,320,22
001514,214,128
001515,714,596
001516,653,12
001517,181,1
001518,799,535
001519,226,63
001520,330,9
001521,272,6
001522,733,167
001523,454,253
001524,404,146
001525,548,92
001526,283,3
001527,535,313
001528,780,142
001529,206,9
001530,442,148
001531,251,0
001532,460,277
001533,526,344
001534,286,20
001535,359,455
001536,408,599
001537,355,629
001538,115,97
001539,450,337
001540,211,146
001541,291,352
001542,177,35
001543,171,50
001544,179,0
001545,372,88
001546,357,20
001547,376,106
001548,142,0
001549,345,0
001550,314,539
001551,1396,870
001552,178,2
001553,728,319
001554,333,2129
001555,612,1747
001556,753,551
001557,763,900
001558,1143,33
001559,210,0
001560,132,13
001561,371,229
001562,436,603
001563,530,753
001564,335,569
001565,393,299
001566,137,29
001567,261,66
001568,441,396
001569,295,0
001570,313,8
001571,445,1197
001572,332,1
001573,122,551
001574,342,491
001575,551,77
001576,469,978
001577,303,4
001578,220,135
001579,595,342
001580,118,82
001581,1106,1732
001582,797,1768
001583,371,26
001584,448,254
001585,217,0
001586,620,831
001587,736,344
001588,559,0
001589,155,103
001590,204,325
001591,312,262
001592,696,566
001593,723,440
001594,462,516
001595,488,631
001596,336,129
001597,1037,1686
001598,182,0
001599,246,6
001600,188,0
001601,479,1121
001602,921,31
001603,227,64
001604,439,239
001605,270,60
001606,399,253
001607,1478,2801
001608,143,169
001609,230,168
001610,523,234
001611,448,130
001612,321,151
001613,352,1064
001614,260,467
001615,1445,805
001616,216,87
001617,213,35
001618,386,0
001619,437,814
001620,237,21
001621,337,520
001622,367,158
001623,627,200
001624,324,0
001625,270,315
001626,344,15
001627,913,1059
001628,295,154
001629,490,1155
001630,726,446
001631,377,0
001632,713,92
001633,489,1655
001634,430,0
001635,190,0
001636,357,195
001637,388,324
001638,636,34
001639,853,1832
001640,805,563
001641,430,358
001642,405,0
001643,160,103
001644,463,298
001645,473,823
001646,557,967
001647,711,192
001648,375,398
001649,273,153
001650,597,255
001651,134,0
001652,372,420
001653,887,309
001654,214,11
001655,192,9
001656,158,186
001657,737,801
001658,468,70
001659,290,405
001660,358,22
001661,544,106
001662,412,388
001663,197,79
001664,215,123
001665,310,39
001666,475,145
001667,512,1155
001668,396,1181
001669,577,1123
001670,286,273
001671,344,3
001672,663,121
001673,555,401
001674,396,251
001675,646,1104
001676,796,354
001677,338,119
001678,522,51
001679,183,76
001680,544,565
001681,409,968
001682,339,515
001683,311,305
001684,978,239
001685,376,197
001686,157,32
001687,964,192
001688,612,485
001689,257,378
001690,472,1463
001691,250,105
001692,280,304
001693,370,149
001694,898,1336
001695,366,618
001696,544,862
001697,168,0
001698,399,17
001699,410,4
001700,1229,2037
001701,213,1064
001702,393,660
001703,963,405
001704,144,0
001705,319,4
001706,499,708
001707,592,1545
001708,410,204
001709,827,1957
001710,348,688
001711,340,483
001712,496,205
001713,479,64
001714,244,14
001715,473,653
001716,644,1887
001717,678,976
001718,704,1111
001719,427,448
001720,127,1
001721,173,1329
001722,488,559
001723,511,512
001724,469,1200
001725,303,66
001726,484,260
001727,319,322
001728,720,424
001729,1138,784
001730,639,270
001731,198,298
001732,271,6
001733,390,264
001734,278,4
001735,937,171
001736,380,231
001737,252,1244
001738,574,712
001739,343,682
001740,320,137
001741,394,352
001742,561,364
001743,1370,2246
001744,734,103
001745,695,3
001746,602,121
001747,1082,870
001748,531,476
001749,231,601
001750,559,5
001751,539,726
001752,551,118
001753,621,22
001754,602,146
001755,296,0
001756,732,553
001757,796,405
001758,196,649
001759,259,241
001760,306,78
001761,444,458
001762,335,18
001763,187,929
001764,345,455
001765,273,1074
001766,370,228
001767,181,33
001768,367,50
001769,529,94
001770,403,417
001771,343,425
001772,150,0
001773,523,272
001774,770,506
001775,174,89
001776,1459,829
001777,292,123
001778,293,0
001779,639,973
001780,206,1
001781,355,88
001782,709,190
001783,288,234
001784,152,0
001785,737,805
001786,676,694
001787,262,220
001788,574,238
001789,486,114
001790,482,249
001791,1046,268
001792,1548,1358
001793,716,491
001794,1326,619
001795,943,452
001796,856,2422
001797,190,2
001798,775,765
001799,142,0
001800,357,197
001801,225,661
001802,571,1234
001803,280,97
001804,240,621
001805,651,305
001806,223,85
001807,302,441
001808,167,903
001809,242,2
001810,487,718
001811,321,36
001812,470,445
001813,589,402
001814,388,155
001815,641,441
001816,269,1218
001817,491,1637
001818,412,153
001819,363,1178
001820,419,364
001821,301,375
001822,463,1
001823,460,26
001824,439,445
001825,318,357
001826,512,155
001827,737,61
001828,146,0
001829,589,751
001830,340,73
001831,407,167
001832,332,82
001833,265,311
001834,254,0
001835,284,246
001836,352,24
001837,263,123
001838,494,1284
001839,166,93
001840,558,282
001841,542,11
001842,80,78
001843,358,667
001844,530,16
001845,229,1005
001846,561,1269
001847,2047,1824
001848,1144,182
001849,302,0
001850,345,440
001851,757,371
001852,383,410
001853,557,96
001854,1220,820
001855,926,1603
001856,628,48
001857,500,479
001858,356,0
001859,593,315
001860,554,426
001861,329,446
001862,542,19
001863,179,1467
001864,189,0
001865,544,1302
001866,355,86
001867,477,781
001868,286,312
001869,348,1360
001870,365,4
001871,728,1107
001872,316,230
001873,365,233
001874,287,316
001875,330,307
001876,278,350
001877,843,14
001878,646,347
001879,1161,1561
001880,1188,1332
001881,460,213
001882,172,97
001883,493,542
001884,357,143
001885,239,76
001886,612,911
001887,261,742
001888,192,31
001889,359,10
001890,144,0
001891,156,2
001892,257,1
001893,201,8
001894,485,1068
001895,207,79
001896,479,862
001897,342,544
001898,109,3
001899,735,47
001900,285,43
001901,504,505
001902,776,161
001903,890,510
001904,452,791
001905,316,227
001906,591,5
001907,636,289
001908,586,40
001909,241,0
001910,820,573
001911,332,70
001912,275,266
001913,810,485
001914,601,108
001915,655,0
001916,331,91
001917,425,0
001918,276,103
001919,309,312
001920,457,222
001921,451,826
001922,374,293
001923,200,44
001924,470,286
001925,165,1649
001926,413,519
001927,217,452
001928,143,0
001929,508,135
001930,447,593
001931,307,355
001932,238,660
001933,681,735
001934,370,386
001935,262,10
001936,384,219
001937,240,56
001938,242,0
001939,211,192
001940,396,0
001941,374,80
001942,1107,2226
001943,412,375
001944,365,26
001945,510,276
001946,766,1234
001947,407,1599
001948,531,335
001949,273,423
001950,411,687
001951,683,1545
001952,83,41
001953,805,531
001954,366,17
001955,385,28
001956,242,702
001957,258,0
001958,161,0
001959,795,1455
001960,520,73
001961,234,38
001962,313,229
001963,156,5
001964,819,987
001965,231,0
001966,837,181
001967,745,212
001968,493,817
001969,482,437
001970,733,495
001971,479,242
001972,132,251
001973,615,774
001974,577,253
001975,378,316
001976,316,286
001977,392,431
001978,414,452
001979,504,408
001980,276,643
001981,184,0
001982,175,216
001983,293,13
001984,747,700
001985,607,677
001986,203,12
001987,99,0
001988,145,12
001989,255,544
001990,374,280
001991,427,589
001992,547,325
001993,500,95
001994,715,136
001995,491,7
001996,377,452
001997,393,1000
001998,378,416
001999,560,223
002000,520,88
002001,649,226
002002,596,674
002003,660,372
002004,530,490
002005,151,174
002006,689,1387
002007,260,2
002008,295,44
002009,345,157
002010,246,432
002011,326,280
002012,233,106
002013,454,1066
002014,228,364
002015,262,72
002016,319,160
002017,317,0
002018,258,235
002019,1101,365
002020,399,325
002021,482,302
002022,834,284
002023,468,296
002024,414,0
002025,329,30
002026,259,283
002027,141,0
002028,599,6
002029,134,5
002030,312,2
002031,466,195
002032,485,718
002033,509,90
002034,600,100
002035,603,1500
002036,483,158
002037,260,63
002038,222,135
002039,467,374
002040,307,0
002041,325,2
002042,428,87
002043,236,574
002044,323,236
002045,480,643
002046,464,759
002047,155,749
002048,252,580
002049,408,4
002050,374,1452
002051,692,303
002052,459,297
002053,336,86
002054,401,60
002055,311,170
002056,141,8
002057,466,803
002058,741,946
002059,245,92
002060,608,1247
002061,135,17
002062,563,760
002063,450,428
002064,213,330
002065,425,52
002066,260,41
002067,580,746
002068,286,270
002069,180,12
002070,1261,2183
002071,511,459
002072,269,47
002073,284,1076
002074,399,240
002075,308,151
002076,594,520
002077,135,872
002078,303,598
002079,255,185
002080,533,263
002081,1116,414
002082,211,6
002083,550,184
002084,487,437
002085,418,1349
002086,382,257
002087,268,4
002088,242,114
002089,185,0
002090,309,4
002091,244,781
002092,349,1214
002093,401,357
002094,437,597
002095,1001,864
002096,150,0
002097,343,21
002098,511,1682
002099,270,241
002100,310,193
002101,1130,1069
002102,367,74
002103,793,552
002104,506,199
002105,756,1222
002106,349,427
002107,259,237
002108,1222,1140
002109,237,160
002110,398,141
002111,249,5
002112,343,0
002113,514,751
002114,489,233
002115,300,576
002116,368,123
002117,828,261
002118,507,1616
002119,208,0
002120,660,151
002121,237,216
002122,790,286
002123,342,517
002124,783,226
002125,402,109
002126,836,747
002127,361,289
002128,111,2
002129,341,56
002130,480,616
002131,601,798
002132,290,103
002133,392,538
002134,197,13
002135,500,2
002136,456,268
002137,558,1906
002138,501,589
002139,186,13
002140,227,4
002141,637,190
002142,392,0
002143,1490,1353
002144,319,118
002145,270,4
002146,505,321
002147,319,1561
002148,168,440
002149,362,1503
002150,599,189
002151,246,117
002152,380,258
002153,453,476
002154,457,443
002155,235,144
002156,90,3
002157,859,1189
002158,370,562
002159,308,38
002160,295,624
002161,421,281
002162,194,30
002163,1485,1405
002164,723,162
002165,468,218
002166,682,353
002167,340,177
002168,699,1053
002169,265,573
002170,552,858
002171,360,0
002172,445,11
002173,171,0
002174,505,165
002175,789,1167
002176,273,0
002177,396,241
002178,192,2
002179,422,262
002180,193,99
002181,497,865
002182,183,437
002183,597,143
002184,215,71
002185,208,4
002186,454,253
002187,177,1
002188,279,79
002189,373,345
002190,1486,2968
002191,362,0
002192,148,201
002193,957,881
002194,725,404
002195,892,1854
002196,288,433
002197,521,833
002198,636,804
002199,346,66
002200,188,1387
002201,1104,4285
002202,675,85
002203,723,1137
002204,358,40
002205,339,260
002206,114,220
002207,573,1095
002208,343,219
002209,630,536
002210,332,0
002211,411,185
002212,411,559
002213,328,86
002214,362,17
002215,340,96
002216,421,502
002217,407,141
002218,196,547
002219,104,0
002220,505,1118
002221,731,386
002222,435,1289
002223,313,559
002224,137,43
002225,373,632
002226,708,2465
002227,310,5
002228,640,979
002229,745,1949
002230,347,2
002231,489,62
002232,86,0
002233,287,131
002234,265,11
002235,1945,794
002236,328,304
002237,197,43
002238,678,1219
002239,1039,1255
002240,907,223
002241,896,885
002242,112,5
002243,318,94
002244,274,131
002245,316,128
002246,166,18
002247,365,251
002248,180,62
002249,414,26
002250,1137,963
002251,203,519
002252,335,816
002253,406,950
002254,1013,15
002255,408,2
002256,455,824
002257,158,102
002258,212,322
002259,239,8
002260,498,313
002261,627,385
002262,247,287
002263,109,0
002264,450,22
002265,222,160
002266,542,180
002267,289,590
002268,308,516
002269,663,1068
002270,408,136
002271,286,548
002272,318,160
002273,525,456
002274,389,850
002275,252,2
002276,492,0
002277,397,796
002278,274,61
002279,732,2081
002280,389,293
002281,269,23
002282,352,0
002283,630,275
002284,92,0
002285,111,64
002286,563,337
002287,400,509
002288,473,64
002289,239,0
002290,633,375
002291,229,1
002292,183,1239
002293,745,2151
002294,637,393
002295,425,72
002296,537,68
002297,283,989
002298,423,273
002299,498,515
002300,488,174
002301,323,414
002302,253,828
002303,250,301
002304,857,855
002305,368,36
002306,743,1558
002307,596,1205
002308,318,97
002309,387,245
002310,1415,344
002311,239,537
002312,660,1168
002313,215,2
002314,517,325
002315,185,191
002316,395,948
002317,632,181
002318,399,178
002319,223,56
002320,253,6
002321,497,157
002322,603,2056
002323,204,0
002324,167,205
002325,394,116
002326,1535,740
002327,277,329
002328,777,955
002329,507,992
002330,328,16
002331,575,78
002332,202,71
002333,703,907
002334,888,255
002335,90,63
002336,556,681
002337,222,0
002338,118,0
002339,264,87
002340,256,416
002341,427,0
002342,316,132
002343,510,110
002344,249,252
002345,297,361
002346,324,992
002347,151,0
002348,203,0
002349,427,215
002350,476,261
002351,227,0
002352,240,74
002353,679,843
002354,356,14
002355,418,164
002356,229,508
002357,298,352
002358,334,52
002359,189,42
002360,806,884
002361,822,330
002362,483,636
002363,644,98
002364,276,0
002365,255,421
002366,217,757
002367,495,18
002368,298,149
002369,403,7
002370,250,0
002371,468,1921
002372,1163,344
002373,279,0
002374,278,71
002375,347,472
002376,96,49
002377,961,777
002378,982,431
002379,277,47
002380,135,0
002381,512,1494
002382,628,438
002383,484,594
002384,250,292
002385,199,25
002386,148,100
002387,419,240
002388,1133,491
002389,463,619
002390,434,1060
002391,444,34
002392,340,84
002393,180,53
002394,229,360
002395,514,4
002396,217,20
002397,422,1195
002398,307,0
002399,205,229
002400,272,81
002401,358,418
002402,256,225
002403,462,395
002404,1261,2090
002405,396,283
002406,290,363
002407,317,147
002408,579,248
002409,412,432
002410,516,561
002411,375,7
002412,131,0
002413,322,633
002414,499,431
002415,186,593
002416,118,71
002417,309,1068
002418,453,199
002419,630,287
002420,311,158
002421,145,425
002422,184,26
002423,210,0
002424,566,49
002425,270,65
002426,327,455
002427,422,1505
002428,414,667
002429,272,291
002430,434,533
002431,189,6
002432,269,10
002433,236,264
002434,348,62
002435,616,2
002436,836,298
002437,634,238
002438,742,1567
002439,236,31
002440,665,624
002441,444,397
002442,216,374
002443,339,236
002444,356,121
002445,154,769
002446,407,155
002447,235,376
002448,410,5
002449,304,28
002450,606,685
002451,422,512
002452,557,724
002453,305,1
002454,568,570
002455,269,165
002456,86,11
002457,271,1243
002458,958,441
002459,314,547
002460,252,514
002461,355,255
002462,447,194
002463,190,54
002464,418,134
002465,182,172
002466,171,1
002467,1114,1087
002468,630,196
002469,190,358
002470,359,208
002471,217,1
002472,267,12
002473,339,284
002474,944,274
002475,369,13
002476,151,10
002477,124,144
002478,1033,890
002479,635,1088
002480,294,474
002481,236,195
002482,898,297
002483,699,483
002484,247,434
002485,319,208
002486,431,756
002487,1197,1403
002488,261,248
002489,352,1070
002490,449,181
002491,281,0
002492,374,111
002493,320,291
002494,401,207
002495,789,942
002496,732,586
002497,424,198
002498,385,94
002499,281,715
002500,468,8
002501,704,487
002502,839,650
002503,285,491
002504,432,158
002505,654,663
002506,1074,1281
002507,263,528
002508,417,26
002509,808,1745
002510,547,1262
002511,314,0
002512,989,146
002513,481,51
002514,216,71
002515,465,997
002516,893,805
002517,423,599
002518,526,695
002519,303,346
002520,361,2
002521,248,291
002522,206,680
002523,1710,2140
002524,336,51
002525,149,0
002526,516,117
002527,133,469
002528,1331,2002
002529,225,1284
002530,179,2
002531,318,12
002532,351,621
002533,895,2532
002534,427,454
002535,381,443
002536,646,344
002537,347,112
002538,683,141
002539,700,559
002540,222,237
002541,386,587
002542,471,270
002543,712,848
002544,580,930
002545,584,219
002546,916,686
002547,243,2
002548,169,530
002549,745,591
002550,304,694
002551,425,1
002552,854,315
002553,931,643
002554,619,312
002555,701,125
002556,300,715
002557,437,166
002558,1028,703
002559,1384,1896
002560,551,40
002561,240,2003
002562,269,20
002563,514,309
002564,332,2
002565,662,641
002566,330,0
002567,1052,201
002568,159,0
002569,472,0
002570,408,1020
002571,303,465
002572,492,853
002573,549,860
002574,132,4
002575,619,637
002576,133,0
002577,1535,1083
002578,244,62
002579,244,400
002580,492,2833
002581,425,205
002582,314,627
002583,358,9
002584,278,212
002585,964,1469
002586,270,168
002587,711,48
002588,383,856
002589,380,32
002590,286,104
002591,561,292
002592,126,7
002593,168,6
002594,412,142
002595,146,3
002596,337,168
002597,717,334
002598,254,0
002599,824,1509
002600,325,461
002601,441,0
002602,255,404
002603,209,178
002604,139,569
002605,591,1406
002606,217,1830
002607,490,355
002608,331,249
002609,545,0
002610,337,469
002611,653,60
002612,120,388
002613,876,836
002614,307,230
002615,340,429
002616,141,432
002617,132,20
002618,835,1094
002619,528,2
002620,201,490
002621,181,145
002622,422,19
002623,125,371
002624,533,390
002625,154,11
002626,292,12
002627,289,129
002628,412,538
002629,659,795
002630,386,369
002631,951,750
002632,399,144
002633,340,11
002634,220,0
002635,320,54
002636,217,0
002637,233,294
002638,511,66
002639,784,1846
002640,409,495
002641,584,561
002642,446,1213
002643,537,261
002644,664,112
002645,448,130
002646,667,377
002647,158,193
002648,566,528
002649,875,836
002650,410,1349
002651,199,385
002652,82,457
002653,238,4
002654,562,552
002655,335,695
002656,532,56
002657,943,434
002658,714,971
002659,388,271
002660,273,538
002661,719,289
002662,530,326
002663,470,239
002664,457,214
002665,273,0
002666,166,327
002667,400,1041
002668,297,497
002669,98,2
002670,320,1
002671,415,1422
002672,624,286
002673,408,118
002674,292,44
002675,395,158
002676,1587,322
002677,689,381
002678,766,489
002679,367,587
002680,933,2232
002681,284,282
002682,411,129
002683,361,575
002684,419,568
002685,314,105
002686,224,13
002687,325,608
002688,280,233
002689,444,876
002690,530,490
002691,490,1099
002692,492,677
002693,367,915
002694,437,55
002695,296,13
002696,776,320
002697,154,70
002698,275,0
002699,497,131
002700,530,106
002701,133,0
002702,190,2
002703,213,374
002704,291,21
002705,301,434
002706,250,231
002707,1748,2560
002708,480,392
002709,400,488
002710,241,264
002711,490,163
002712,162,55
002713,406,680
002714,468,295
002715,681,642
002716,410,304
002717,342,13
002718,757,14
002719,200,20
002720,273,7
002721,218,303
002722,568,175
002723,595,1430
002724,414,652
002725,216,28
002726,392,116
002727,272,503
002728,240,0
002729,425,351
002730,790,533
002731,440,570
002732,277,733
002733,201,118
002734,498,0
002735,244,802
002736,562,749
002737,265,108
002738,335,10
002739,336,871
002740,486,521
002741,295,477
002742,533,2192
002743,837,2219
002744,460,595
002745,366,287
002746,252,294
002747,390,106
002748,483,141
002749,96,274
002750,858,471
002751,620,630
002752,228,9
002753,51,0
002754,572,363
002755,260,179
002756,290,352
002757,267,517
002758,194,83
002759,253,507
002760,387,422
002761,228,9
002762,413,0
002763,719,844
002764,743,331
002765,314,27
002766,651,242
002767,439,621
002768,801,374
002769,636,820
002770,611,24
002771,216,859
002772,198,1907
002773,254,192
002774,530,537
002775,1533,2006
002776,652,0
002777,153,69
002778,801,1788
002779,297,1117
002780,117,114
002781,448,277
002782,694,1052
002783,623,634
002784,531,91
002785,714,263
002786,283,1196
002787,736,155
002788,387,345
002789,180,3
002790,56,0
002791,472,145
002792,282,4
002793,688,256
002794,317,181
002795,265,11
002796,160,312
002797,366,418
002798,269,7
002799,589,195
002800,916,303
002801,231,309
002802,538,622
002803,502,597
002804,442,1865
002805,235,11
002806,232,10
002807,365,0
002808,312,97
002809,864,1009
002810,442,325
002811,144,563
002812,134,9
002813,871,844
002814,253,234
002815,451,530
002816,868,517
002817,525,16
002818,531,1028
002819,268,166
002820,323,4
002821,1191,1129
002822,314,1104
002823,204,4
002824,484,491
002825,560,503
002826,802,936
002827,249,0
002828,592,190
002829,158,2
002830,559,252
002831,249,105
002832,771,178
002833,524,11
002834,827,150
002835,357,0
002836,436,248
002837,165,196
002838,175,642
002839,337,430
002840,357,439
002841,864,454
002842,315,188
002843,291,71
002844,351,315
002845,315,405
002846,954,81
002847,688,102
002848,537,310
002849,174,0
002850,440,900
002851,253,11
002852,348,364
002853,595,719
002854,286,14
002855,344,41
002856,360,0
002857,791,281
002858,293,59
002859,406,272
002860,411,72
002861,231,6
002862,358,304
002863,211,226
002864,522,87
002865,730,1616
002866,167,53
002867,601,1259
002868,525,700
002869,438,60
002870,765,859
002871,330,229
002872,752,724
002873,363,94
002874,280,709
002875,273,691
002876,317,566
002877,195,21
002878,1020,1239
002879,212,313
002880,607,1776
002881,152,445
002882,206,105
002883,326,193
002884,259,135
002885,325,366
002886,297,108
002887,386,21
002888,121,974
002889,397,838
002890,396,512
002891,66,65
002892,295,894
002893,609,496
002894,673,575
002895,402,0
002896,209,47
002897,332,174
002898,1050,481
002899,130,2076
002900,445,67
002901,437,462
002902,639,639
002903,243,172
002904,355,89
002905,1412,906
002906,185,0
002907,665,733
002908,275,806
002909,701,482
002910,226,0
002911,538,223
002912,351,0
002913,198,106
002914,601,79
002915,156,79
002916,290,801
002917,422,178
002918,492,712
002919,587,928
002920,1252,242
002921,347,108
002922,829,569
002923,640,1112
002924,342,173
002925,376,622
002926,312,5
002927,955,108
002928,404,311
002929,310,122
002930,641,1471
002931,274,76
002932,699,299
002933,867,37
002934,332,259
002935,451,10
002936,155,6
002937,546,402
002938,334,17
002939,366,323
002940,311,446
002941,259,536
002942,468,6
002943,162,18
002944,307,893
002945,486,61
002946,209,356
002947,197,2
002948,252,6
002949,1930,1199
002950,287,36
002951,737,632
002952,573,158
002953,566,736
002954,299,266
002955,202,370
002956,208,3
002957,424,379
002958,700,1183
002959,1052,2401
002960,501,964
002961,621,2912
002962,497,310
002963,262,0
002964,288,323
002965,774,2417
002966,683,407
002967,1060,2542
002968,537,250
002969,348,0
002970,465,0
002971,311,13
002972,291,36
002973,170,2
002974,341,132
002975,266,539
002976,335,2
002977,420,761
002978,789,764
002979,398,181
002980,899,298
002981,272,819
002982,436,23
002983,224,0
002984,223,169
002985,394,314
002986,965,47
002987,485,376
002988,190,0
002989,696,457
002990,136,507
002991,457,411
002992,736,917
002993,1161,532
002994,751,712
002995,832,833
002996,331,6
002997,95,3
002998,1112,880
002999,350,4
003000,868,1102
003001,692,254
003002,1495,1298
003003,233,51
003004,556,403
003005,646,476
003006,642,1110
003007,732,824
003008,249,411
003009,211,26
003010,388,166
003011,232,374
003012,624,331
003013,225,580
003014,336,552
003015,489,293
003016,282,244
003017,129,559
003018,229,18
003019,217,74
003020,781,1138
003021,413,700
003022,243,37
003023,293,379
003024,328,86
003025,512,224
003026,418,846
003027,627,411
003028,485,697
003029,172,459
003030,295,306
003031,559,272
003032,200,0
003033,353,196
003034,684,320
003035,440,0
003036,645,537
003037,328,320
003038,176,24
003039,460,126
003040,338,2
003041,155,125
003042,115,0
003043,397,315
003044,727,10
003045,622,1098
003046,246,259
003047,232,2
003048,228,230
003049,254,217
003050,172,62
003051,181,133
003052,184,0
003053,309,121
003054,514,685
003055,384,436
003056,213,157
003057,372,399
003058,307,1762
003059,293,0
003060,507,1798
003061,363,310
003062,255,7
003063,257,27
003064,428,111
003065,104,92
003066,282,307
003067,279,125
003068,345,197
003069,352,634
003070,627,417
003071,279,504
003072,1188,993
003073,520,644
003074,216,340
003075,526,792
003076,213,372
003077,305,18
003078,231,371
003079,472,281
003080,336,2069
003081,362,344
003082,406,325
003083,631,138
003084,552,938
003085,773,480
003086,243,0
003087,768,1098
003088,249,241
003089,237,0
003090,197,88
003091,467,197
003092,522,532
003093,258,279
003094,287,313
003095,611,56
003096,894,586
003097,408,983
003098,243,145
003099,612,710
003100,295,428
003101,318,222
003102,436,22
003103,431,147
003104,958,115
003105,916,196
003106,229,21
003107,812,103
003108,286,340
003109,694,409
003110,359,412
003111,475,88
003112,276,205
003113,199,4
003114,1865,544
003115,674,296
003116,139,0
003117,348,22
003118,798,1048
003119,1110,716
003120,280,387
003121,407,196
003122,294,95
003123,389,152
003124,176,10
003125,217,6
003126,469,441
003127,242,0
003128,925,452
003129,593,359
003130,648,36
003131,229,68
003132,238,422
003133,319,241
003134,451,38
003135,269,22
003136,541,612
003137,577,503
003138,239,0
003139,281,0
003140,371,9
003141,393,537
003142,360,5
003143,424,0
003144,610,1072
003145,410,796
003146,332,10
003147,274,714
003148,235,0
003149,1175,825
003150,675,232
003151,686,2362
003152,673,254
003153,877,1496
003154,638,371
003155,754,867
003156,473,138
003157,378,129
003158,587,265
003159,219,83
003160,227,0
003161,477,1066
003162,271,48
003163,273,1052
003164,281,257
003165,491,1272
003166,682,430
003167,135,11
003168,280,4
003169,131,30
003170,687,254
003171,463,668
003172,537,410
003173,529,64
003174,367,255
003175,533,506
003176,930,534
003177,354,372
003178,330,132
003179,144,6
003180,199,242
003181,295,88
003182,2492,2472
003183,294,7
003184,232,677
003185,209,161
003186,376,516
003187,1053,755
003188,586,722
003189,326,137
003190,724,453
003191,981,897
003192,231,650
003193,271,491
003194,348,255
003195,1303,1511
003196,623,205
003197,888,505
003198,627,349
003199,215,0
003200,233,506
003201,170,0
003202,302,77
003203,420,142
003204,179,28
003205,952,1318
003206,551,53
003207,873,542
003208,236,0
003209,133,0
003210,836,1510
003211,225,260
003212,165,115
003213,391,9
003214,371,155
003215,351,367
003216,339,387
003217,444,469
003218,363,401
003219,448,746
003220,685,273
003221,283,210
003222,259,449
003223,412,0
003224,990,767
003225,228,360
003226,479,27
003227,163,10
003228,558,476
003229,465,2545
003230,268,43
003231,229,95
003232,201,0
003233,370,71
003234,518,394
003235,337,118
003236,284,662
003237,242,771
003238,374,463
003239,259,163
003240,198,593
003241,234,185
003242,405,666
003243,239,77
003244,367,728
003245,98,55
003246,226,12
003247,393,280
003248,141,204
003249,112,165
003250,282,171
003251,150,242
003252,906,332
003253,499,150
003254,332,1381
003255,965,1117
003256,597,582
003257,240,53
003258,167,139
003259,344,4
003260,330,218
003261,150,198
003262,401,9
003263,297,302
003264,961,907
003265,802,2162
003266,262,119
003267,356,238
003268,291,537
003269,113,0
003270,381,335
003271,162,1471
003272,219,6
003273,287,314
003274,752,1042
003275,222,325
003276,206,392
003277,455,623
003278,315,204
003279,357,265
003280,126,394
003281,476,259
003282,366,1008
003283,255,1003
003284,605,25
003285,81,0
003286,725,459
003287,284,497
003288,772,384
003289,167,66
003290,207,46
003291,656,175
003292,501,109
003293,289,491
003294,274,237
003295,416,368
003296,174,10
003297,157,2
003298,389,77
003299,277,286
003300,892,825
003301,185,15
003302,91,16
003303,126,120
003304,443,662
003305,317,3
003306,302,137
003307,604,367
003308,367,24
003309,219,0
003310,452,533
003311,508,866
003312,308,186
003313,351,0
003314,558,76
003315,68,214
003316,1608,515
003317,331,205
003318,557,86
003319,189,117
003320,763,436
003321,673,335
003322,439,259
003323,484,498
003324,252,0
003325,280,168
003326,209,12
003327,1093,956
003328,509,837
003329,341,343
003330,467,240
003331,143,213
003332,183,296
003333,212,158
003334,327,354
003335,100,97
003336,344,312
003337,213,327
003338,857,130
003339,232,44
003340,465,407
003341,219,281
003342,711,297
003343,311,229
003344,232,0
003345,221,72
003346,146,3
003347,149,2
003348,590,251
003349,646,751
003350,365,702
003351,703,886
003352,323,151
003353,184,305
003354,443,225
003355,226,717
003356,273,283
003357,1309,1865
003358,424,414
003359,535,343
003360,279,73
003361,307,270
003362,179,0
003363,198,12
003364,323,691
003365,130,0
003366,537,3
003367,437,207
003368,83,0
003369,341,128
003370,835,553
003371,503,320
003372,78,54
003373,319,380
003374,632,137
003375,629,93
003376,444,755
003377,177,0
003378,267,417
003379,137,336
003380,432,736
003381,300,210
003382,304,106
003383,796,582
003384,261,2
003385,510,297
003386,123,82
003387,378,38
003388,129,138
003389,249,202
003390,283,296
003391,347,0
003392,427,0
003393,83,22
003394,156,0
003395,384,317
003396,802,4
003397,322,206
003398,90,0
003399,309,181
003400,470,377
003401,331,111
003402,362,15
003403,131,91
003404,783,258
003405,62,0
003406,444,488
003407,248,1224
003408,243,15
003409,575,793
003410,411,137
003411,821,643
003412,585,348
003413,182,132
003414,249,558
003415,660,395
003416,664,0
003417,352,6
003418,411,483
003419,550,84
003420,291,534
003421,194,4
003422,148,0
003423,167,0
003424,553,413
003425,1121,289
003426,405,63
003427,339,1
003428,528,149
003429,629,151
003430,690,431
003431,214,3
003432,260,0
003433,603,86
003434,337,343
003435,249,0
003436,385,155
003437,141,281
003438,249,27
003439,351,859
003440,269,438
003441,398,109
003442,682,278
003443,645,49
003444,113,0
003445,737,751
003446,503,238
003447,396,0
003448,651,1034
003449,231,0
003450,216,92
003451,615,549
003452,288,74
003453,305,70
003454,446,111
003455,222,502
003456,264,451
003457,282,243
003458,313,0
003459,428,26
003460,251,0
003461,267,7
003462,591,267
003463,393,42
003464,303,843
003465,1022,854
003466,716,188
003467,156,0
003468,142,228
003469,337,191
003470,649,669
003471,257,213
003472,370,167
003473,284,360
003474,139,138
003475,520,228
003476,341,164
003477,438,373
003478,470,415
003479,387,306
003480,393,92
003481,481,751
003482,415,277
003483,280,455
003484,533,330
003485,232,457
003486,127,4
003487,398,667
003488,570,253
003489,378,1
003490,428,408
003491,313,331
003492,475,479
003493,339,324
003494,1157,733
003495,417,174
003496,492,213
003497,669,2198
003498,521,207
003499,605,467
003500,260,128
003501,431,1315
003502,274,16
003503,502,709
003504,397,425
003505,265,389
003506,360,183
003507,780,275
003508,463,314
003509,112,31
003510,595,1497
003511,377,132
003512,124,6
003513,349,6
003514,104,0
003515,226,69
003516,548,493
003517,336,2
003518,300,149
003519,217,24
003520,232,117
003521,799,921
003522,579,230
003523,385,1249
003524,621,1121
003525,438,118
003526,440,176
003527,224,9
003528,623,0
003529,358,895
003530,231,573
003531,1061,42
003532,267,328
003533,213,963
003534,462,232
003535,357,398
003536,754,152
003537,909,460
003538,123,0
003539,1029,1113
003540,749,716
003541,494,202
003542,578,180
003543,338,152
003544,195,74
003545,544,127
003546,647,917
003547,277,416
003548,88,28
003549,559,789
003550,1170,1102
003551,440,398
003552,336,44
003553,795,939
003554,167,36
003555,402,323
003556,266,200
003557,195,7
003558,230,0
003559,237,233
003560,458,490
003561,693,1505
003562,434,708
003563,708,18
003564,153,2
003565,282,306
003566,331,387
003567,206,131
003568,376,86
003569,240,299
003570,106,14
003571,392,70
003572,370,278
003573,176,34
003574,412,986
003575,205,269
003576,209,36
003577,792,335
003578,146,3
003579,692,60
003580,163,370
003581,338,149
003582,1036,406
003583,1050,2037
003584,85,15
003585,576,469
003586,241,595
003587,100,56
003588,1210,1297
003589,695,771
003590,202,557
003591,235,1077
003592,788,201
003593,311,50
003594,711,93
003595,163,223
003596,71,257
003597,562,159
003598,245,0
003599,467,1121
003600,581,200
003601,411,141
003602,219,566
003603,262,525
003604,667,458
003605,363,112
003606,301,438
003607,606,523
003608,545,110
003609,536,685
003610,483,645
003611,744,1592
003612,495,599
003613,226,117
003614,465,436
003615,723,135
003616,572,72
003617,416,289
003618,144,0
003619,471,227
003620,490,290
003621,397,622
003622,512,542
003623,393,52
003624,121,16
003625,343,1052
003626,481,797
003627,632,828
003628,366,121
003629,435,811
003630,431,0
003631,321,264
003632,251,0
003633,965,795
003634,188,15
003635,735,223
003636,595,598
003637,319,618
003638,482,1309
003639,548,185
003640,385,155
003641,288,147
003642,513,480
003643,41,13
003644,290,386
003645,491,363
003646,259,43
003647,332,210
003648,437,0
003649,191,57
003650,235,229
003651,1038,416
003652,307,279
003653,426,596
003654,356,74
003655,389,149
003656,326,6
003657,653,645
003658,610,98
003659,305,3
003660,411,89
003661,781,87
003662,390,6
003663,395,226
003664,182,135
003665,803,288
003666,496,425
003667,452,429
003668,317,181
003669,256,1
003670,199,358
003671,164,38
003672,212,4
003673,594,405
003674,177,132
003675,245,53
003676,339,274
003677,323,648
003678,491,257
003679,605,859
003680,369,40
003681,617,595
003682,488,202
003683,215,91
003684,490,121
003685,263,4
003686,459,295
003687,320,20
003688,554,277
003689,431,930
003690,564,348
003691,428,36
003692,186,100
003693,339,398
003694,210,281
003695,201,0
003696,90,18
003697,398,456
003698,722,554
003699,762,224
003700,312,6
003701,440,8
003702,312,0
003703,217,372
003704,583,355
003705,471,377
003706,343,160
003707,77,15
003708,162,0
003709,346,587
003710,1164,403
003711,433,101
003712,319,63
003713,621,737
003714,294,10
003715,246,359
003716,474,274
003717,298,619
003718,652,163
003719,837,3178
003720,1028,939
003721,928,305
003722,723,369
003723,641,1439
003724,443,772
003725,721,1931
003726,191,242
003727,468,0
003728,378,442
003729,610,247
003730,255,255
003731,682,788
003732,603,1772
003733,486,1335
003734,547,624
003735,437,402
003736,277,21
003737,509,1136
003738,926,407
003739,358,0
003740,221,77
003741,190,0
003742,1261,1066
003743,676,365
003744,337,4
003745,167,20
003746,105,0
003747,511,829
003748,509,225
003749,345,29
003750,674,1216
003751,328,369
003752,321,194
003753,443,651
003754,1170,361
003755,465,462
003756,142,39
003757,361,638
003758,454,311
003759,149,275
003760,810,1041
003761,310,324
003762,515,691
003763,1389,1678
003764,196,220
003765,502,217
003766,882,182
003767,312,133
003768,560,567
003769,408,211
003770,1423,173
003771,540,3
003772,514,159
003773,417,215
003774,164,3
003775,369,509
003776,216,303
003777,239,317
003778,102,10
003779,138,17
003780,246,0
003781,404,508
003782,280,6
003783,314,564
003784,782,624
003785,168,0
003786,460,629
003787,625,1143
003788,536,462
003789,599,804
003790,365,81
003791,301,2216
003792,487,208
003793,304,406
003794,966,807
003795,431,100
003796,345,272
003797,172,307
003798,777,471
003799,413,85
003800,161,314
003801,262,12
003802,533,659
003803,680,482
003804,257,0
003805,236,88
003806,252,12
003807,87,266
003808,505,119
003809,648,48
003810,394,856
003811,665,662
003812,365,80
003813,414,550
003814,239,192
003815,304,215
003816,646,324
003817,331,0
003818,293,221
003819,265,10
003820,445,427
003821,59,0
003822,710,207
003823,660,0
003824,202,1265
003825,600,303
003826,394,259
003827,267,0
003828,237,502
003829,161,0
003830,588,195
003831,502,10
003832,572,284
003833,535,214
003834,198,10
003835,309,132
003836,243,218
003837,256,132
003838,724,1046
003839,245,363
003840,655,213
003841,568,783
003842,448,90
003843,424,0
003844,530,343
003845,297,167
003846,229,301
003847,402,5
003848,256,5
003849,206,110
003850,288,971
003851,297,579
003852,285,8
003853,282,343
003854,336,432
003855,392,639
003856,514,33
003857,1560,1265
003858,265,70
003859,414,102
003860,428,87
003861,283,503
003862,700,245
003863,512,632
003864,685,131
003865,160,214
003866,599,206
003867,498,719
003868,269,123
003869,483,686
003870,174,159
003871,309,430
003872,519,1224
003873,961,552
003874,242,0
003875,177,286
003876,212,445
003877,670,849
003878,406,197
003879,650,66
003880,358,4
003881,298,318
003882,493,1173
003883,301,261
003884,462,345
003885,892,334
003886,773,720
003887,278,519
003888,287,134
003889,242,0
003890,251,45
003891,209,43
003892,85,16
003893,238,9
003894,102,1
003895,843,2836
003896,200,334
003897,264,2
003898,715,885
003899,443,172
003900,211,10
003901,1907,1184
003902,391,447
003903,296,232
003904,428,348
003905,169,246
003906,342,815
003907,622,157
003908,82,0
003909,225,186
003910,277,276
003911,1610,1239
003912,183,535
003913,173,134
003914,250,132
003915,249,272
003916,529,313
003917,375,201
003918,219,267
003919,78,8
003920,196,0
003921,584,332
003922,487,52
003923,768,526
003924,308,994
003925,301,14
003926,477,818
003927,405,111
003928,352,42
003929,160,690
003930,115,423
003931,320,96
003932,120,0
003933,196,283
003934,116,492
003935,534,540
003936,506,200
003937,422,292
003938,247,69
003939,669,72
003940,192,286
003941,399,70
003942,655,1027
003943,306,110
003944,91,0
003945,392,113
003946,63,24
003947,559,67
003948,310,861
003949,376,155
003950,456,993
003951,309,0
003952,378,72
003953,515,108
003954,465,16
003955,276,44
003956,160,548
003957,430,661
003958,578,1745
003959,684,294
003960,180,0
003961,224,107
003962,455,354
003963,293,146
003964,419,826
003965,258,3
003966,459,388
003967,546,0
003968,634,30
003969,805,693
003970,182,2
003971,625,958
003972,163,474
003973,354,156
003974,298,0
003975,645,424
003976,779,1394
003977,147,9
003978,794,206
003979,332,0
003980,161,253
003981,467,1067
003982,682,2824
003983,534,629
003984,636,178
003985,200,545
003986,430,72
003987,743,0
003988,366,0
003989,220,262
003990,598,310
003991,566,1225
003992,290,765
003993,252,987
003994,374,622
003995,312,103
003996,307,86
003997,616,194
003998,425,0
003999,314,103
004000,401,12
004001,681,479
004002,352,0
004003,311,232
004004,225,109
004005,318,365
004006,483,290
004007,222,406
004008,379,87
004009,284,0
004010,147,204
004011,246,195
004012,379,252
004013,476,200
004014,228,314
004015,292,375
004016,219,152
004017,466,13
004018,768,1341
004019,236,65
004020,259,279
004021,340,832
004022,103,24
004023,345,126
004024,626,390
004025,288,409
004026,590,773
004027,633,571
004028,307,215
004029,175,0
004030,418,229
004031,271,1583
004032,371,18
004033,139,339
004034,268,469
004035,1244,865
004036,297,0
004037,286,728
004038,459,78
004039,244,8
004040,468,208
004041,131,261
004042,388,65
004043,335,0
004044,653,138
004045,333,64
004046,338,44
004047,318,615
004048,276,223
004049,179,95
004050,408,112
004051,682,53
004052,269,71
004053,164,136
004054,125,4
004055,764,506
004056,383,825
004057,337,0
004058,199,407
004059,696,323
004060,489,400
004061,205,201
004062,304,176
004063,213,0
004064,778,494
004065,689,359
004066,143,484
004067,233,376
004068,439,283
004069,359,42
004070,508,0
004071,103,48
004072,878,281
004073,446,4
004074,589,8
004075,212,155
004076,400,565
004077,195,793
004078,713,1362
004079,583,920
004080,459,264
004081,154,394
004082,383,399
004083,251,0
004084,326,164
004085,153,109
004086,373,242
004087,192,1
004088,669,58
004089,278,175
004090,279,124
004091,348,585
004092,454,245
004093,659,1165
004094,369,65
004095,537,17
004096,110,425
004097,483,370
004098,397,567
004099,573,554
004100,1011,1103
004101,248,1130
004102,378,196
004103,799,358
004104,167,19
004105,508,629
004106,1183,1521
004107,305,211
004108,598,871
004109,436,971
004110,230,1098
004111,1073,716
004112,519,422
004113,340,87
004114,473,730
004115,83,294
004116,357,173
004117,485,2
004118,367,1
004119,552,368
004120,537,704
004121,362,117
004122,351,46
004123,300,0
004124,287,3
004125,517,1799
004126,433,935
004127,791,34
004128,143,0
004129,525,393
004130,192,0
004131,565,135
004132,568,1521
004133,276,239
004134,449,224
004135,600,1097
004136,424,680
004137,202,10
004138,229,0
004139,305,150
004140,342,264
004141,102,34
004142,704,557
004143,348,98
004144,425,59
004145,910,327
004146,182,1055
004147,308,400
004148,376,409
004149,471,365
004150,614,1173
004151,181,284
004152,213,16
004153,265,392
004154,361,5
004155,290,29
004156,195,490
004157,332,194
004158,209,4
004159,194,32
004160,556,407
004161,1260,2189
004162,738,192
004163,341,8
004164,304,146
004165,601,1207
004166,340,286
004167,375,613
004168,356,188
004169,409,11
004170,1051,517
004171,384,491
004172,631,435
004173,376,215
004174,397,1496
004175,821,139
004176,228,431
004177,765,548
004178,206,0
004179,1257,853
004180,129,7
004181,328,8
004182,479,298
004183,345,508
004184,436,164
004185,510,682
004186,294,16
004187,485,196
004188,421,52
004189,213,249
004190,237,4
004191,165,8
004192,787,520
004193,135,276
004194,280,503
004195,1123,482
004196,266,34
004197,357,737
004198,626,224
004199,83,16
004200,216,35
004201,1197,3064
004202,260,99
004203,327,1018
004204,221,0
004205,249,0
004206,533,68
004207,467,503
004208,457,168
004209,240,20
004210,150,144
004211,569,115
004212,354,264
004213,169,233
004214,311,149
004215,656,313
004216,645,749
004217,692,137
004218,476,521
004219,414,4
004220,406,55
004221,380,278
004222,464,388
004223,132,217
004224,258,323
004225,262,8
004226,359,292
004227,1219,1488
004228,679,835
004229,302,371
004230,420,132
004231,829,1555
004232,442,227
004233,365,228
004234,162,84
004235,247,253
004236,230,1
004237,260,440
004238,596,284
004239,678,859
004240,364,112
004241,1496,322
004242,750,416
004243,273,468
004244,160,326
004245,424,26
004246,450,471
004247,1030,739
004248,304,289
004249,293,132
004250,406,163
004251,810,635
004252,182,146
004253,199,24
004254,747,567
004255,504,428
004256,266,0
004257,401,55
004258,366,491
004259,321,134
004260,238,97
004261,465,44
004262,119,5
004263,794,0
004264,280,349
004265,185,201
004266,456,80
004267,1023,1497
004268,245,169
004269,157,405
004270,262,215
004271,456,63
004272,62,311
004273,139,52
004274,830,402
004275,485,0
004276,170,266
004277,228,56
004278,252,0
004279,451,128
004280,409,12
004281,1255,968
004282,594,593
004283,307,138
004284,540,341
004285,146,564
004286,886,399
004287,88,2
004288,265,20
004289,1211,1345
004290,167,2
004291,557,949
004292,127,659
004293,299,147
004294,578,350
004295,624,811
004296,92,6
004297,464,249
004298,221,4
004299,92,101
004300,168,610
004301,321,238
004302,632,142
004303,190,0
004304,280,7
004305,166,0
004306,125,317
004307,408,23
004308,569,468
004309,420,564
004310,673,361
004311,347,675
004312,183,446
004313,141,4
004314,207,67
004315,189,12
004316,212,0
004317,213,0
004318,305,485
004319,205,702
004320,362,160
004321,257,558
004322,425,416
004323,175,245
004324,429,267
004325,396,566
004326,194,284
004327,278,214
004328,380,253
004329,125,10
004330,279,0
004331,202,248
004332,336,0
004333,366,313
004334,393,4
004335,360,3
004336,347,165
004337,313,0
004338,173,216
004339,297,523
004340,182,331
004341,244,157
004342,434,144
004343,243,824
004344,556,724
004345,209,50
004346,326,564
004347,670,1292
004348,445,263
004349,584,603
004350,598,0
004351,371,1482
004352,395,15
004353,1112,1250
004354,249,0
004355,351,689
004356,391,626
004357,362,1787
004358,291,215
004359,462,278
004360,328,198
004361,312,396
004362,448,371
004363,508,225
004364,331,708
004365,179,1
004366,220,18
004367,440,904
004368,583,10
004369,471,24
004370,749,515
004371,526,146
004372,288,1000
004373,316,528
004374,204,1963
004375,397,1290
004376,411,664
004377,416,172
004378,717,279
004379,338,162
004380,254,562
004381,407,839
004382,263,199
004383,139,7
004384,337,213
004385,1157,551
004386,694,333
004387,870,142
004388,189,0
004389,73,14
004390,547,1157
004391,199,158
004392,263,75
004393,684,143
004394,419,152
004395,656,1001
004396,375,111
004397,146,0
004398,433,186
004399,394,67
004400,787,548
004401,275,314
004402,180,606
004403,484,294
004404,609,452
004405,317,186
004406,456,5
004407,633,730
004408,143,527
004409,358,455
004410,269,154
004411,466,260
004412,871,952
004413,431,225
004414,494,310
004415,155,1
004416,363,481
004417,170,122
004418,570,715
004419,398,149
004420,69,0
004421,519,1343
004422,278,800
004423,200,16
004424,218,13
004425,156,146
004426,149,3
004427,808,1174
004428,514,79
004429,380,988
004430,274,206
004431,457,128
004432,579,255
004433,519,58
004434,342,522
004435,373,101
004436,688,434
004437,428,0
004438,420,379
004439,313,109
004440,320,22
004441,187,546
004442,319,723
004443,561,1921
004444,215,52
004445,379,468
004446,479,1339
004447,288,451
004448,262,0
004449,627,263
004450,495,0
004451,201,606
004452,345,475
004453,332,276
004454,372,82
004455,471,130
004456,885,281
004457,413,21
004458,450,295
004459,447,864
004460,280,2
004461,130,1
004462,247,198
004463,886,868
004464,484,272
004465,318,86
004466,183,118
004467,427,910
004468,153,66
004469,70,13
004470,233,0
004471,231,502
004472,612,127
004473,289,852
004474,365,8
004475,835,1946
004476,375,90
004477,237,0
004478,1206,99
004479,314,519
004480,317,0
004481,703,318
004482,514,305
004483,666,752
004484,388,909
004485,179,0
004486,417,39
004487,301,908
004488,207,121
004489,212,480
004490,334,1063
004491,292,316
004492,354,364
004493,401,411
004494,1274,74
004495,173,6
004496,286,5
004497,207,265
004498,230,0
004499,356,666
004500,134,0
004501,275,169
004502,255,839
004503,673,737
004504,425,352
004505,271,13
004506,225,236
004507,327,225
004508,120,4
004509,551,1497
004510,385,573
004511,215,273
004512,310,142
004513,444,427
004514,665,805
004515,323,752
004516,339,392
004517,246,23
004518,152,159
004519,269,0
004520,185,360
004521,467,364
004522,505,43
004523,392,168
004524,71,0
004525,351,206
004526,1099,1639
004527,450,153
004528,282,149
004529,226,0
004530,263,231
004531,355,8
004532,360,904
004533,503,107
004534,224,136
004535,311,317
004536,580,571
004537,317,264
004538,199,0
004539,491,431
004540,245,6
004541,246,2
004542,261,714
004543,349,724
004544,483,2
004545,858,71
004546,278,881
004547,480,377
004548,420,458
004549,290,2
004550,266,2
004551,316,450
004552,272,317
004553,197,10
004554,433,143
004555,259,1175
004556,341,72
004557,496,1200
004558,444,474
004559,292,242
004560,863,936
004561,231,7
004562,1238,400
004563,604,367
004564,749,1628
004565,413,611
004566,282,196
004567,161,96
004568,298,23
004569,160,1146
004570,354,1128
004571,333,292
004572,488,5
004573,823,732
004574,394,77
004575,498,309
004576,419,153
004577,405,31
004578,353,19
004579,323,12
004580,313,656
004581,457,4
004582,198,22
004583,587,1713
004584,322,25
004585,426,10
004586,359,2
004587,432,294
004588,315,5
004589,1005,2576
004590,649,474
004591,161,0
004592,246,2
004593,944,862
004594,727,1860
004595,603,1160
004596,82,11
004597,577,1439
004598,282,223
004599,682,561
004600,252,658
004601,168,202
004602,204,198
004603,1427,2828
004604,303,108
004605,397,588
004606,647,335
004607,732,1078
004608,217,4
004609,935,1675
004610,452,695
004611,494,820
004612,437,134
004613,1170,694
004614,390,959
004615,251,0
004616,722,510
004617,137,0
004618,401,1075
004619,254,206
004620,465,291
004621,1236,2309
004622,474,124
004623,309,102
004624,207,409
004625,429,375
004626,908,749
004627,327,598
004628,317,112
004629,392,491
004630,395,868
004631,546,1350
004632,370,0
004633,511,115
004634,316,275
004635,551,6
004636,383,16
004637,371,754
004638,539,790
004639,338,364
004640,233,7
004641,615,214
004642,258,449
004643,437,215
004644,331,259
004645,267,394
004646,400,4
004647,258,122
004648,419,294
004649,308,6
004650,593,342
004651,512,1061
004652,440,9
004653,475,741
004654,286,93
004655,428,486
004656,308,230
004657,1792,1300
004658,474,66
004659,647,235
004660,473,250
004661,288,191
004662,208,0
004663,633,326
004664,617,514
004665,385,30
004666,409,262
004667,254,857
004668,299,20
004669,471,433
004670,518,0
004671,486,474
004672,231,390
004673,202,171
004674,439,597
004675,460,520
004676,782,1000
004677,862,639
004678,299,47
004679,258,649
004680,183,172
004681,287,109
004682,579,566
004683,523,58
004684,309,470
004685,154,244
004686,542,1172
004687,550,453
004688,292,0
004689,401,687
004690,390,189
004691,456,49
004692,234,166
004693,357,464
004694,237,358
004695,528,316
004696,322,24
004697,541,2262
004698,640,1103
004699,331,352
004700,153,12
004701,603,501
004702,514,491
004703,251,75
004704,544,0
004705,355,862
004706,301,9
004707,516,243
004708,1551,966
004709,849,314
004710,482,522
004711,498,23
004712,506,19
004713,395,274
004714,311,124
004715,336,0
004716,355,0
004717,457,415
004718,412,2
004719,257,152
004720,309,42
004721,725,189
004722,680,1019
004723,250,8
004724,304,46
004725,1187,1686
004726,168,23
004727,215,6
004728,308,164
004729,334,260
004730,760,360
004731,315,37
004732,488,358
004733,499,271
004734,256,680
004735,679,1049
004736,663,189
004737,694,1174
004738,246,241
004739,382,1104
004740,662,279
004741,169,470
004742,875,1347
004743,390,124
004744,591,460
004745,750,2004
004746,348,219
004747,963,996
004748,325,352
004749,475,290
004750,1579,1044
004751,544,852
004752,540,354
004753,409,9
004754,247,323
004755,327,292
004756,218,1
004757,606,347
004758,291,350
004759,733,617
004760,286,847
004761,438,40
004762,218,1585
004763,359,127
004764,113,0
004765,301,196
004766,428,704
004767,552,201
004768,518,545
004769,398,478
004770,139,676
004771,540,1262
004772,167,168
004773,246,522
004774,574,126
004775,266,28
004776,245,336
004777,288,540
004778,403,409
004779,528,272
004780,65,4
004781,688,798
004782,243,99
004783,482,371
004784,476,143
004785,220,331
004786,364,283
004787,1010,347
004788,113,377
004789,277,10
004790,501,425
004791,806,1534
004792,450,264
004793,371,1
004794,317,0
004795,297,76
004796,373,707
004797,394,831
004798,107,162
004799,417,33
004800,562,36
004801,549,0
004802,606,71
004803,409,296
004804,1517,1964
004805,170,37
004806,481,432
004807,327,4
004808,557,555
004809,289,45
004810,338,581
004811,634,910
004812,276,391
004813,399,461
004814,542,36
004815,250,72
004816,478,252
004817,205,3
004818,329,0
004819,881,814
004820,211,1
004821,235,3
004822,636,155
004823,293,0
004824,156,428
004825,551,81
004826,574,237
004827,672,2036
004828,221,289
004829,458,0
004830,440,180
004831,196,386
004832,448,208
004833,680,0
004834,134,0
004835,179,287
004836,270,36
004837,495,1128
004838,288,145
004839,204,10
004840,653,529
004841,856,1526
004842,453,384
004843,446,406
004844,729,365
004845,769,190
004846,484,1
004847,573,149
004848,544,557
004849,801,325
004850,296,662
004851,334,501
004852,222,19
004853,217,132
004854,603,481
004855,248,18
004856,591,577
004857,509,145
004858,272,0
004859,514,95
004860,695,629
004861,563,799
004862,312,74
004863,553,905
004864,578,748
004865,271,2
004866,320,302
004867,869,194
004868,863,1889
004869,339,892
004870,204,121
004871,189,84
004872,290,194
004873,128,318
004874,290,392
004875,261,0
004876,622,655
004877,457,0
004878,322,739
004879,401,26
004880,358,147
004881,155,219
004882,148,251
004883,459,68
004884,268,263
004885,990,1628
004886,425,28
004887,128,0
004888,188,164
004889,494,521
004890,338,22
004891,417,140
004892,298,213
004893,501,489
004894,586,699
004895,564,811
004896,288,372
004897,355,88
004898,231,294
004899,358,783
004900,78,0
004901,230,504
004902,132,883
004903,127,21
004904,238,0
004905,287,20
004906,197,0
004907,1093,675
004908,257,24
004909,171,1150
004910,244,362
004911,654,1028
004912,174,794
004913,253,2
004914,574,150
004915,490,322
004916,440,739
004917,240,42
004918,482,899
004919,299,204
004920,202,204
004921,458,2401
004922,460,0
004923,336,991
004924,504,381
004925,510,320
004926,1081,1559
004927,380,958
004928,264,1515
004929,619,301
004930,293,0
004931,397,474
004932,449,491
004933,439,781
004934,418,199
004935,190,27
004936,225,1105
004937,419,154
004938,657,1033
004939,606,604
004940,174,105
004941,651,951
004942,258,900
004943,168,116
004944,267,310
004945,208,1324
004946,362,1070
004947,410,232
004948,271,0
004949,976,1267
004950,534,1
004951,555,322
004952,199,17
004953,204,7
004954,871,318
004955,419,1158
004956,776,1524
004957,281,540
004958,534,581
004959,235,353
004960,307,8
004961,398,250
004962,334,66
004963,330,281
004964,479,0
004965,343,3
004966,534,56
004967,133,59
004968,302,1017
004969,294,380
004970,976,2115
004971,355,958
004972,285,106
004973,222,271
004974,152,8
004975,344,1007
004976,255,473
004977,614,161
004978,168,179
004979,907,712
004980,278,233
004981,225,30
004982,254,1191
004983,178,38
004984,887,487
004985,608,201
004986,387,324
004987,675,1330
004988,255,2
004989,669,664
004990,346,45
004991,504,399
004992,462,338
004993,483,341
004994,377,636
004995,419,889
004996,422,212
004997,288,336
004998,622,1664
004999,320,11
005000,460,113
005001,168,0
005002,239,402
005003,123,320
005004,413,1123
005005,904,201
005006,495,318
005007,237,443
005008,505,615
005009,404,33
005010,604,0
005011,189,2
005012,502,131
005013,471,134
005014,483,174
005015,876,1199
005016,585,34
005017,904,2172
005018,207,238
005019,234,135
005020,252,0
005021,375,21
005022,293,190
005023,1069,415
005024,875,1609
005025,468,4
005026,289,287
005027,362,313
005028,431,279
005029,727,951
005030,394,16
005031,238,521
005032,206,91
005033,741,1316
005034,1068,261
005035,774,1487
005036,168,597
005037,672,600
005038,1427,2037
005039,174,0
005040,370,26
005041,347,0
005042,683,1289
005043,1200,1587
005044,289,628
005045,334,4
005046,324,469
005047,299,0
005048,736,827
005049,847,559
005050,923,91
005051,578,466
005052,405,260
005053,319,349
005054,718,4
005055,424,0
005056,261,204
005057,130,187
005058,343,103
005059,179,7
005060,364,109
005061,332,1065
005062,221,0
005063,158,346
005064,328,130
005065,320,95
005066,291,0
005067,349,1162
005068,102,9
005069,219,1231
005070,619,255
005071,172,8
005072,286,0
005073,454,12
005074,593,690
005075,939,1991
005076,971,1398
005077,292,204
005078,446,362
005079,266,590
005080,174,0
005081,358,416
005082,406,378
005083,273,489
005084,557,1070
005085,279,10
005086,246,745
005087,352,422
005088,266,169
005089,489,573
005090,541,737
005091,198,25
005092,254,47
005093,274,42
005094,436,431
005095,554,757
005096,161,0
005097,609,379
005098,386,938
005099,213,8
005100,282,74
005101,519,743
005102,554,1677
005103,429,352
005104,887,394
005105,296,288
005106,287,368
005107,237,702
005108,612,284
005109,382,69
005110,752,644
005111,1027,782
005112,368,132
005113,460,1103
005114,238,8
005115,370,346
005116,154,100
005117,353,290
005118,341,8
005119,676,2443
005120,333,832
005121,433,1292
005122,307,1419
005123,727,448
005124,301,783
005125,170,378
005126,192,50
005127,1091,636
005128,102,0
005129,586,12
005130,601,861
005131,346,6
005132,288,6
005133,128,6
005134,680,104
005135,759,774
005136,211,246
005137,296,2178
005138,310,533
005139,255,398
005140,267,104
005141,273,648
005142,448,0
005143,218,32
005144,325,118
005145,189,331
005146,149,0
005147,285,3504
005148,227,1
005149,243,84
005150,197,0
005151,342,197
005152,505,482
005153,616,410
005154,522,184
005155,361,1036
005156,286,656
005157,172,28
005158,716,1424
005159,1036,463
005160,781,779
005161,583,15
005162,416,39
005163,502,368
005164,187,580
005165,243,355
005166,326,935
005167,199,9
005168,446,365
005169,293,597
005170,228,155
005171,810,272
005172,265,394
