Text,X,Temperature,X,Acquisitions
0:00,0.08,31.29,26.68,53.97
0:00,0.49,31.44,38.74,53.97
0:00,0.9,32.04,50.84,53.93
0:01,1.32,32.83,62.93,53.97
0:01,1.73,33.81,75.04,53.93
0:02,2.14,34.72,87.15,53.97
0:02,2.55,35.89,99.24,53.97
0:02,2.96,36.84,111.34,53.93
0:03,3.38,37.76,123.45,53.93
0:03,3.79,38.67,135.55,53.97
0:04,4.2,39.61,147.65,53.93
0:04,4.61,40.47,159.75,53.93
0:05,5.03,41.41,171.85,53.97
0:05,5.44,42.33,183.96,53.93
0:05,5.85,43.43,196.07,53.97
0:06,6.26,44.35,208.16,53.97
0:06,6.67,45.25,220.26,53.97
0:07,7.09,46.17,232.38,53.97
0:07,7.5,47.04,337.1,69.93
0:07,7.91,47.93,338.33,69.52
0:08,8.33,48.81,339.56,69.4
0:08,8.74,49.75,340.8,69.58
0:09,9.15,50.84,342.04,69.79
0:09,9.56,51.76,343.27,69.96
0:09,9.98,52.65,344.49,70.1
0:10,10.39,53.52,345.73,70.25
0:10,10.8,54.4,346.97,70.4
0:11,11.21,55.29,348.21,70.54
0:11,11.63,56.21,349.46,70.67
0:12,12.04,57.08,350.69,70.8
0:12,12.45,57.4,351.92,70.91
0:12,12.87,57.05,353.16,71.04
0:13,13.28,56.46,354.41,71.15
0:13,13.69,55.82,355.64,71.25
0:14,14.1,55.23,356.87,71.38
0:14,14.52,54.7,358.12,71.47
0:14,14.93,54.33,359.36,71.59
0:15,15.34,54.11,360.6,71.71
0:15,15.75,54,361.84,71.79
0:16,16.17,53.97,363.07,71.91
0:16,16.58,53.97,364.3,72.03
0:16,16.99,53.97,365.53,72.1
0:17,17.4,54,366.77,72.23
0:17,17.82,54,367.99,72.31
0:18,18.23,54,369.23,72.44
0:18,18.64,54.03,370.46,72.52
0:19,19.05,54,371.69,72.64
0:19,19.46,54.03,372.93,72.72
0:19,19.88,54,374.18,72.84
0:20,20.29,54,375.42,72.95
0:20,20.7,54,376.65,73.02
0:21,21.11,54,377.88,73.13
0:21,21.53,54,379.13,73.25
0:21,21.94,54,380.37,73.34
0:22,22.35,53.97,381.6,73.42
0:22,22.77,54,382.83,73.53
0:23,23.18,54,384.06,73.65
0:23,23.59,53.97,385.29,73.74
0:24,24,54,386.52,73.83
0:24,24.41,53.97,387.76,73.92
0:24,24.83,53.97,388.99,74.04
0:25,25.24,54,390.23,74.14
0:25,25.65,53.97,391.46,74.23
0:26,26.06,53.97,392.69,74.35
0:26,26.48,53.97,393.91,74.43
0:26,26.89,53.97,395.15,74.53
0:27,27.3,53.97,396.39,74.64
0:27,27.72,53.97,397.61,74.73
0:28,28.13,54,398.85,74.81
0:28,28.54,53.97,400.07,74.93
0:28,28.96,53.97,401.32,75.04
0:29,29.37,53.97,402.54,75.14
0:29,29.78,53.97,403.78,75.22
0:30,30.19,53.97,405.02,75.34
0:30,30.6,53.97,406.27,75.46
0:31,31.02,53.97,407.5,75.51
0:31,31.43,53.97,408.73,75.62
0:31,31.84,53.97,409.97,75.72
0:32,32.25,53.97,411.21,75.83
0:32,32.67,53.97,412.44,75.94
0:33,33.08,53.97,413.68,76.04
0:33,33.49,53.97,414.93,76.12
0:33,33.9,53.97,416.17,76.23
0:34,34.32,53.93,417.4,76.35
0:34,34.73,53.97,418.63,76.44
0:35,35.14,53.97,419.88,76.55
0:35,35.55,53.97,421.12,76.62
0:35,35.97,53.97,422.36,76.73
0:36,36.38,53.97,423.59,76.85
0:36,36.79,53.97,424.83,76.93
0:37,37.21,53.97,426.07,77.04
0:37,37.62,53.97,427.31,77.13
0:38,38.03,53.97,428.56,77.23
0:38,38.44,53.97,429.79,77.34
0:38,38.85,53.93,431.02,77.43
0:39,39.27,53.97,432.25,77.52
0:39,39.68,53.97,433.48,77.63
0:40,40.09,53.97,434.72,77.74
0:40,40.5,53.93,435.95,77.83
0:40,40.92,53.97,437.19,77.92
0:41,41.33,53.97,438.43,78.04
0:41,41.74,53.97,439.65,78.13
0:42,42.15,53.93,440.88,78.24
0:42,42.57,53.97,442.11,78.35
0:42,42.98,53.97,443.34,78.42
0:43,43.39,53.97,444.58,78.53
0:43,43.8,53.97,445.8,78.62
0:44,44.22,53.97,447.04,78.74
0:44,44.63,53.97,448.28,78.83
0:45,45.04,53.97,449.51,78.94
0:45,45.46,53.97,450.74,79.05
0:45,45.87,53.93,451.99,79.14
0:46,46.28,53.93,453.23,79.23
0:46,46.69,53.97,454.47,79.32
0:47,47.11,53.97,455.72,79.44
0:47,47.52,53.93,456.96,79.52
0:47,47.93,53.97,458.18,79.64
0:48,48.35,53.97,459.42,79.72
0:48,48.76,53.93,460.66,79.84
0:49,49.17,53.97,461.89,79.93
0:49,49.58,53.93,463.12,80.02
0:50,50,53.97,464.35,80.14
0:50,50.41,53.97,465.59,80.22
0:50,50.82,53.93,466.83,80.32
0:51,51.23,53.97,468.05,80.42
0:51,51.65,53.93,469.29,80.55
0:52,52.06,53.97,470.51,80.63
0:52,52.47,53.97,471.74,80.75
0:52,52.88,53.97,472.98,80.84
0:53,53.29,53.93,474.21,80.93
0:53,53.71,53.97,475.44,81.01
0:54,54.12,53.97,476.67,81.12
0:54,54.53,53.97,477.9,81.22
0:54,54.95,53.93,479.13,81.31
0:55,55.36,53.97,480.37,81.43
0:55,55.77,53.93,481.61,81.52
0:56,56.18,53.93,482.85,81.63
0:56,56.6,53.97,484.08,81.71
0:57,57.01,53.93,485.32,81.81
0:57,57.42,53.93,486.54,81.92
0:57,57.83,53.97,487.76,82.01
0:58,58.25,53.93,489,82.14
0:58,58.66,53.97,490.25,82.22
0:59,59.07,53.97,491.48,82.31
0:59,59.48,53.97,492.72,82.42
0:59,59.89,53.93,493.96,82.54
1:00,60.31,53.93,495.19,82.63
1:00,60.72,53.97,496.44,82.72
1:01,61.13,53.97,497.68,82.81
1:01,61.54,53.93,498.91,82.93
1:01,61.96,53.93,500.15,83
1:02,62.37,53.93,501.39,83.13
1:02,62.78,53.97,502.62,83.22
1:03,63.19,53.97,503.86,83.32
1:03,63.61,53.97,505.09,83.43
1:04,64.02,53.97,506.34,83.52
1:04,64.43,53.97,507.58,83.65
1:04,64.85,53.93,508.82,83.7
1:05,65.26,53.93,510.06,83.81
1:05,65.67,53.97,511.3,83.94
1:06,66.08,53.97,512.54,84.03
1:06,66.5,53.93,513.78,84.14
1:06,66.91,53.97,515.02,84.21
1:07,67.32,53.93,516.25,84.33
1:07,67.73,53.97,517.47,84.42
1:08,68.15,53.93,518.71,84.53
1:08,68.56,53.97,519.94,84.62
1:08,68.97,53.97,521.17,84.71
1:09,69.38,53.97,522.41,84.81
1:09,69.8,53.93,523.65,84.92
1:10,70.21,53.97,524.89,85.04
1:10,70.62,53.97,526.14,85.14
1:11,71.03,53.97,527.38,85.22
1:11,71.44,53.93,528.62,85.34
1:11,71.86,53.97,529.84,85.43
1:12,72.27,53.97,531.09,85.52
1:12,72.68,53.97,532.32,85.61
1:13,73.1,53.93,533.55,85.73
1:13,73.51,53.97,534.79,85.83
1:13,73.92,53.97,536.02,85.94
1:14,74.33,53.97,537.25,86.03
1:14,74.75,53.93,538.48,86.12
1:15,75.16,53.97,539.72,86.24
1:15,75.57,53.97,540.96,86.3
1:15,75.98,53.97,542.19,86.43
1:16,76.4,53.93,543.43,86.52
1:16,76.81,53.97,544.66,86.6
1:17,77.22,53.93,545.89,86.73
1:17,77.63,53.97,547.13,86.82
1:18,78.05,53.93,548.37,86.91
1:18,78.46,53.97,549.61,87.04
1:18,78.87,53.97,550.84,87.12
1:19,79.28,53.93,552.07,87.23
1:19,79.7,53.97,553.3,87.33
1:20,80.11,53.97,554.53,87.42
1:20,80.52,53.93,555.76,87.51
1:20,80.93,53.93,556.99,87.61
1:21,81.35,53.93,558.24,87.73
1:21,81.76,53.97,559.47,87.82
1:22,82.17,53.97,560.7,87.91
1:22,82.59,53.93,561.93,88.03
1:23,83,53.97,563.17,88.12
1:23,83.41,53.97,564.4,88.24
1:23,83.82,53.93,565.63,88.31
1:24,84.24,53.97,566.86,88.4
1:24,84.65,53.97,568.11,88.52
1:25,85.06,53.93,569.34,88.61
1:25,85.48,53.97,570.58,88.7
1:25,85.89,53.97,571.8,88.83
1:26,86.3,53.93,573.05,88.93
1:26,86.71,53.97,574.29,89.02
1:27,87.12,53.97,575.53,89.14
1:27,87.54,53.93,576.76,89.21
1:27,87.95,53.97,577.99,89.32
1:28,88.36,53.97,579.24,89.41
1:28,88.77,53.93,580.48,89.51
1:29,89.19,53.97,581.72,89.63
1:29,89.6,53.97,582.97,89.73
1:30,90.01,53.93,584.2,89.82
1:30,90.42,53.97,585.43,89.92
1:30,90.84,53.93,586.67,90.03
1:31,91.25,53.93,587.92,90.12
1:31,91.66,53.97,589.15,90.22
1:32,92.07,53.93,590.38,90.32
1:32,92.48,53.97,591.63,90.41
1:32,92.9,53.97,592.87,90.51
1:33,93.31,53.93,594.1,90.63
1:33,93.72,53.97,595.33,90.71
1:34,94.14,53.97,596.58,90.82
1:34,94.55,53.93,597.82,90.91
1:34,94.96,53.97,599.05,91.03
1:35,95.37,53.93,600.29,91.13
1:35,95.79,53.97,601.51,91.23
1:36,96.2,53.97,602.74,91.32
1:36,96.61,53.93,603.99,91.43
1:37,97.03,53.97,605.23,91.54
1:37,97.44,53.93,606.47,91.63
1:37,97.85,53.97,607.71,91.72
1:38,98.26,53.97,608.95,91.83
1:38,98.68,53.93,610.18,91.92
1:39,99.09,53.97,611.42,92.01
1:39,99.5,53.97,612.66,92.14
1:39,99.91,53.93,613.91,92.23
1:40,100.33,53.93,615.14,92.32
1:40,100.74,53.97,616.37,92.42
1:41,101.15,53.97,617.62,92.52
1:41,101.56,53.93,618.86,92.61
1:41,101.97,53.97,620.1,92.73
1:42,102.39,53.97,621.33,92.83
1:42,102.8,53.93,622.57,92.93
1:43,103.21,53.97,623.81,93.02
1:43,103.63,53.97,625.04,93.13
1:44,104.04,53.93,626.28,93.22
1:44,104.45,53.93,627.52,93.35
1:44,104.86,53.97,628.76,93.41
1:45,105.28,53.97,630,93.54
1:45,105.69,53.93,631.24,93.63
1:46,106.1,53.97,632.49,93.73
1:46,106.51,53.97,633.73,93.83
1:46,106.93,53.97,634.96,93.93
1:47,107.34,53.97,636.2,94.02
1:47,107.75,53.97,637.43,94.12
1:48,108.16,53.93,638.67,94.21
1:48,108.58,53.97,639.89,94.31
1:48,108.99,53.93,641.13,94.41
1:49,109.4,53.97,642.37,94.51
1:49,109.81,53.93,643.6,94.64
1:50,110.23,53.93,644.84,94.7
1:50,110.64,53.97,646.08,94.83
1:51,111.05,53.93,647.31,94.93
1:51,111.46,53.97,648.55,95.02
1:51,111.88,53.93,649.79,95.13
1:52,112.29,53.93,651.03,95.23
1:52,112.7,53.97,652.26,95.32
1:53,113.11,53.93,653.48,95.42
1:53,113.53,53.97,654.71,95.52
1:53,113.94,53.97,655.96,95.61
1:54,114.35,53.93,657.19,95.71
1:54,114.77,53.97,658.42,95.82
1:55,115.18,53.93,659.67,95.91
1:55,115.59,53.97,660.91,96.05
1:56,116,53.93,662.15,96.12
1:56,116.41,53.93,663.39,96.21
1:56,116.83,53.97,664.64,96.34
1:57,117.24,53.97,665.86,96.4
1:57,117.65,53.93,667.1,96.51
1:58,118.06,53.97,668.35,96.64
1:58,118.48,53.93,669.59,96.71
1:58,118.89,53.93,670.81,96.85
1:59,119.3,53.97,,
1:59,119.71,53.97,,
2:00,120.13,53.97,,
2:00,120.54,53.93,,
2:00,120.95,53.93,,
2:01,121.36,53.97,,
2:01,121.78,53.97,,
2:02,122.19,53.97,,
2:02,122.6,53.93,,
2:03,123.01,53.97,,
2:03,123.43,53.97,,
2:03,123.84,53.97,,
2:04,124.25,53.97,,
2:04,124.66,53.93,,
2:05,125.08,53.97,,
2:05,125.49,53.97,,
2:05,125.9,53.97,,
2:06,126.31,53.97,,
2:06,126.73,53.93,,
2:07,127.14,53.97,,
2:07,127.55,53.93,,
2:07,127.97,53.93,,
2:08,128.38,53.97,,
2:08,128.79,53.97,,
2:09,129.2,53.93,,
2:09,129.62,53.97,,
2:10,130.03,53.97,,
2:10,130.44,53.93,,
2:10,130.85,53.97,,
2:11,131.27,53.93,,
2:11,131.68,53.97,,
2:12,132.09,53.97,,
2:12,132.51,53.93,,
2:12,132.92,53.97,,
2:13,133.33,53.97,,
2:13,133.74,53.97,,
2:14,134.15,53.97,,
2:14,134.57,53.93,,
2:14,134.98,53.97,,
2:15,135.39,53.97,,
2:15,135.81,53.93,,
2:16,136.22,53.93,,
2:16,136.63,53.93,,
2:17,137.04,53.97,,
2:17,137.45,53.93,,
2:17,137.87,53.97,,
2:18,138.28,53.93,,
2:18,138.69,53.93,,
2:19,139.11,53.97,,
2:19,139.52,53.93,,
2:19,139.93,53.93,,
2:20,140.34,53.97,,
2:20,140.76,53.97,,
2:21,141.17,53.97,,
2:21,141.58,53.93,,
2:21,141.99,53.97,,
2:22,142.41,53.93,,
2:22,142.82,53.93,,
2:23,143.23,53.97,,
2:23,143.64,53.93,,
2:24,144.05,53.93,,
2:24,144.47,53.97,,
2:24,144.88,53.93,,
2:25,145.29,53.93,,
2:25,145.7,53.97,,
2:26,146.12,53.93,,
2:26,146.53,53.97,,
2:26,146.94,53.97,,
2:27,147.35,53.97,,
2:27,147.77,53.93,,
2:28,148.18,53.93,,
2:28,148.59,53.93,,
2:29,149.01,53.97,,
2:29,149.42,53.93,,
2:29,149.83,53.97,,
2:30,150.24,53.97,,
2:30,150.66,53.97,,
2:31,151.07,53.97,,
2:31,151.48,53.93,,
2:31,151.89,53.97,,
2:32,152.3,53.97,,
2:32,152.72,53.97,,
2:33,153.13,53.97,,
2:33,153.54,53.93,,
2:33,153.95,53.93,,
2:34,154.37,53.97,,
2:34,154.78,53.93,,
2:35,155.19,53.93,,
2:35,155.61,53.97,,
2:36,156.02,53.93,,
2:36,156.43,53.93,,
2:36,156.84,53.97,,
2:37,157.26,53.97,,
2:37,157.67,53.93,,
2:38,158.08,53.97,,
2:38,158.49,53.93,,
2:38,158.91,53.97,,
2:39,159.32,53.97,,
2:39,159.73,53.97,,
2:40,160.15,53.97,,
2:40,160.56,53.93,,
2:40,160.97,53.97,,
2:41,161.38,53.93,,
2:41,161.79,53.97,,
2:42,162.21,53.93,,
2:42,162.62,53.97,,
2:43,163.03,53.97,,
2:43,163.44,53.97,,
2:43,163.86,53.97,,
2:44,164.27,53.93,,
2:44,164.68,53.97,,
2:45,165.1,53.93,,
2:45,165.51,53.93,,
2:45,165.92,53.97,,
2:46,166.33,53.93,,
2:46,166.75,53.97,,
2:47,167.16,53.97,,
2:47,167.57,53.93,,
2:47,167.98,53.97,,
2:48,168.4,53.97,,
2:48,168.81,53.93,,
2:49,169.22,53.97,,
2:49,169.63,53.97,,
2:50,170.05,53.93,,
2:50,170.46,53.97,,
2:50,170.87,53.93,,
2:51,171.28,53.97,,
2:51,171.69,53.97,,
2:52,172.11,53.93,,
2:52,172.52,53.93,,
2:52,172.93,53.97,,
2:53,173.35,53.97,,
2:53,173.76,53.97,,
2:54,174.17,53.93,,
2:54,174.58,53.93,,
2:55,175,53.97,,
2:55,175.41,53.93,,
2:55,175.82,53.97,,
2:56,176.23,53.97,,
2:56,176.65,53.93,,
2:57,177.06,53.97,,
2:57,177.47,53.97,,
2:57,177.89,53.97,,
2:58,178.3,53.93,,
2:58,178.71,53.93,,
2:59,179.12,53.97,,
2:59,179.53,53.97,,
2:59,179.95,53.97,,
3:00,180.36,53.93,,
3:00,180.77,53.97,,
3:01,181.18,53.97,,
3:01,181.6,53.93,,
3:02,182.01,53.97,,
3:02,182.42,53.93,,
3:02,182.83,53.97,,
3:03,183.25,53.97,,
3:03,183.66,53.97,,
3:04,184.07,53.93,,
3:04,184.48,53.97,,
3:04,184.89,53.93,,
3:05,185.31,53.93,,
3:05,185.72,53.93,,
3:06,186.14,53.93,,
3:06,186.55,53.97,,
3:06,186.96,53.97,,
3:07,187.37,53.97,,
3:07,187.78,53.97,,
3:08,188.2,53.97,,
3:08,188.61,53.93,,
3:09,189.02,53.97,,
3:09,189.43,53.97,,
3:09,189.85,53.97,,
3:10,190.26,53.97,,
3:10,190.67,53.97,,
3:11,191.08,53.93,,
3:11,191.5,53.97,,
3:11,191.91,53.93,,
3:12,192.32,53.97,,
3:12,192.74,53.97,,
3:13,193.15,53.97,,
3:13,193.56,53.93,,
3:13,193.97,53.93,,
3:14,194.39,53.93,,
3:14,194.8,53.97,,
3:15,195.21,53.97,,
3:15,195.62,53.93,,
3:16,196.04,53.97,,
3:16,196.45,53.97,,
3:16,196.86,53.93,,
3:17,197.27,53.97,,
3:17,197.69,53.97,,
3:18,198.1,53.97,,
3:18,198.51,53.97,,
3:18,198.92,53.93,,
3:19,199.34,53.97,,
3:19,199.75,53.97,,
3:20,200.16,53.93,,
3:20,200.58,53.97,,
3:20,200.99,53.97,,
3:21,201.4,53.93,,
3:21,201.81,53.97,,
3:22,202.22,53.93,,
3:22,202.64,53.97,,
3:23,203.05,53.93,,
3:23,203.46,53.97,,
3:23,203.87,53.97,,
3:24,204.29,53.93,,
3:24,204.7,53.93,,
3:25,205.11,53.97,,
3:25,205.52,53.97,,
3:25,205.93,53.93,,
3:26,206.35,53.97,,
3:26,206.76,53.93,,
3:27,207.17,53.93,,
3:27,207.59,53.97,,
3:28,208,53.97,,
3:28,208.41,53.93,,
3:28,208.82,53.97,,
3:29,209.24,53.97,,
3:29,209.65,53.97,,
3:30,210.06,53.93,,
3:30,210.48,53.97,,
3:30,210.89,53.93,,
3:31,211.3,53.93,,
3:31,211.71,53.97,,
3:32,212.12,53.93,,
3:32,212.54,53.97,,
3:32,212.95,53.97,,
3:33,213.36,53.97,,
3:33,213.77,53.93,,
3:34,214.19,53.97,,
3:34,214.6,53.97,,
3:35,215.01,53.97,,
3:35,215.42,53.97,,
3:35,215.84,53.93,,
3:36,216.25,53.97,,
3:36,216.66,53.97,,
3:37,217.08,53.93,,
3:37,217.49,53.97,,
3:37,217.9,53.97,,
3:38,218.31,53.97,,
3:38,218.73,53.97,,
3:39,219.14,53.93,,
3:39,219.55,53.97,,
3:39,219.96,53.93,,
3:40,220.38,53.93,,
3:40,220.79,53.97,,
3:41,221.2,53.93,,
3:41,221.61,53.97,,
3:42,222.02,53.97,,
3:42,222.44,53.93,,
3:42,222.85,53.93,,
3:43,223.26,53.93,,
3:43,223.68,53.97,,
3:44,224.09,53.97,,
3:44,224.5,53.97,,
3:44,224.91,53.97,,
3:45,225.33,53.93,,
3:45,225.74,53.97,,
3:46,226.15,53.97,,
3:46,226.56,53.93,,
3:46,226.98,53.97,,
3:47,227.39,53.97,,
3:47,227.8,53.93,,
3:48,228.22,53.97,,
3:48,228.63,53.97,,
3:49,229.04,53.93,,
3:49,229.45,53.93,,
3:49,229.87,53.97,,
3:50,230.28,53.97,,
3:50,230.69,53.97,,
3:51,231.1,53.97,,
3:51,231.52,53.93,,
3:51,231.93,53.97,,
3:52,232.34,53.97,,
3:52,232.75,53.93,,
3:53,233.17,53.93,,
3:53,233.58,53.93,,
3:53,233.99,54.13,,
3:54,234.4,55.26,,
3:54,234.82,56.98,,
3:55,235.23,58.93,,
3:55,235.64,60.87,,
3:56,236.05,62.77,,
3:56,236.47,64.63,,
3:56,236.88,66.93,,
3:57,237.29,68.75,,
3:57,237.7,70.54,,
3:58,238.12,72.34,,
3:58,238.53,74.17,,
3:58,238.94,75.97,,
3:59,239.35,77.77,,
3:59,239.77,79.58,,
4:00,240.18,81.86,,
4:00,240.59,83.65,,
4:01,241,85.4,,
4:01,241.41,87.18,,
4:01,241.83,88.99,,
4:02,242.24,90.79,,
4:02,242.65,92.55,,
4:03,243.06,94.31,,
4:03,243.48,96.48,,
4:03,243.89,98.19,,
4:04,244.3,99.76,,
4:04,244.72,100.7,,
4:05,245.13,100.59,,
4:05,245.54,99.93,,
4:05,245.95,99,,
4:06,246.37,98.02,,
4:06,246.78,96.64,,
4:07,247.19,95.68,,
4:07,247.61,95.19,,
4:08,248.02,94.89,,
4:08,248.43,94.83,,
4:08,248.84,94.83,,
4:09,249.26,94.86,,
4:09,249.67,94.89,,
4:10,250.08,94.93,,
4:10,250.49,94.93,,
4:10,250.91,94.96,,
4:11,251.32,94.96,,
4:11,251.73,94.96,,
4:12,252.14,94.93,,
4:12,252.56,94.54,,
4:12,252.97,93.7,,
4:13,253.38,92.43,,
4:13,253.79,91.37,,
4:14,254.21,90.28,,
4:14,254.62,89.24,,
4:15,255.03,88.18,,
4:15,255.44,87.21,,
4:15,255.85,86.27,,
4:16,256.27,85.37,,
4:16,256.68,84.27,,
4:17,257.09,83.4,,
4:17,257.5,82.51,,
4:17,257.92,81.66,,
4:18,258.33,80.81,,
4:18,258.74,79.96,,
4:19,259.15,79.11,,
4:19,259.57,78.26,,
4:19,259.98,77.19,,
4:20,260.39,76.32,,
4:20,260.81,75.49,,
4:21,261.22,74.61,,
4:21,261.63,73.74,,
4:22,262.04,72.89,,
4:22,262.46,72.03,,
4:22,262.87,71.18,,
4:23,263.28,70.1,,
4:23,263.69,69.23,,
4:24,264.11,68.38,,
4:24,264.52,67.49,,
4:24,264.93,66.63,,
4:25,265.35,65.75,,
4:25,265.76,65.38,,
4:26,266.17,65.81,,
4:26,266.58,66.81,,
4:26,266.99,67.76,,
4:27,267.41,68.72,,
4:27,267.82,69.52,,
4:28,268.23,69.79,,
4:28,268.64,69.79,,
4:29,269.06,69.69,,
4:29,269.47,69.6,,
4:29,269.88,69.49,,
4:30,270.29,69.43,,
4:30,270.71,69.46,,
4:31,271.12,69.46,,
4:31,271.53,69.46,,
4:31,271.94,69.49,,
4:32,272.36,69.52,,
4:32,272.77,69.55,,
4:33,273.18,69.58,,
4:33,273.59,69.58,,
4:34,274.01,69.6,,
4:34,274.42,69.63,,
4:34,274.83,69.63,,
4:35,275.25,69.66,,
4:35,275.66,69.66,,
4:36,276.07,69.69,,
4:36,276.48,69.69,,
4:36,276.9,69.7,,
4:37,277.31,69.7,,
4:37,277.72,69.73,,
4:38,278.13,69.73,,
4:38,278.55,69.76,,
4:38,278.96,69.76,,
4:39,279.37,69.76,,
4:39,279.78,69.79,,
4:40,280.19,69.79,,
4:40,280.61,69.79,,
4:41,281.02,69.79,,
4:41,281.43,69.79,,
4:41,281.84,69.81,,
4:42,282.26,69.81,,
4:42,282.67,69.81,,
4:43,283.08,69.81,,
4:43,283.49,69.84,,
4:43,283.91,69.84,,
4:44,284.32,69.84,,
4:44,284.73,69.84,,
4:45,285.15,69.84,,
4:45,285.56,69.84,,
4:45,285.97,69.87,,
4:46,286.38,69.87,,
4:46,286.8,69.87,,
4:47,287.21,69.87,,
4:47,287.62,69.87,,
4:48,288.04,69.87,,
4:48,288.45,69.87,,
4:48,288.86,69.87,,
4:49,289.27,69.87,,
4:49,289.69,69.9,,
4:50,290.1,69.87,,
4:50,290.51,69.9,,
4:50,290.92,69.9,,
4:51,291.33,69.87,,
4:51,291.75,69.87,,
4:52,292.16,69.9,,
4:52,292.57,69.9,,
4:52,292.98,69.87,,
4:53,293.4,69.9,,
4:53,293.81,69.9,,
4:54,294.22,69.9,,
4:54,294.63,69.9,,
4:55,295.05,69.9,,
4:55,295.46,69.93,,
4:55,295.87,69.9,,
4:56,296.28,69.9,,
4:56,296.7,69.9,,
4:57,297.11,69.9,,
4:57,297.52,69.9,,
4:57,297.93,69.93,,
4:58,298.35,69.9,,
4:58,298.76,69.93,,
4:59,299.17,69.9,,
4:59,299.59,69.9,,
5:00,300,69.9,,
5:00,300.41,69.93,,
5:00,300.82,69.9,,
5:01,301.24,69.9,,
5:01,301.65,69.93,,
5:02,302.06,69.9,,
5:02,302.47,69.9,,
5:02,302.89,69.93,,
5:03,303.3,69.9,,
5:03,303.71,69.93,,
5:04,304.12,69.93,,
5:04,304.54,69.9,,
5:04,304.95,69.93,,
5:05,305.36,69.93,,
5:05,305.77,69.9,,
5:06,306.18,69.93,,
5:06,306.6,69.9,,
5:07,307.01,69.9,,
5:07,307.42,69.9,,
5:07,307.83,69.9,,
5:08,308.25,69.93,,
5:08,308.66,69.93,,
5:09,309.07,69.9,,
5:09,309.48,69.93,,
5:09,309.9,69.93,,
5:10,310.31,69.93,,
5:10,310.72,69.9,,
5:11,311.14,69.93,,
5:11,311.55,69.93,,
5:11,311.96,69.9,,
5:12,312.37,69.93,,
5:12,312.79,69.93,,
5:13,313.2,69.93,,
5:13,313.61,69.9,,
5:14,314.03,69.93,,
5:14,314.44,69.93,,
5:14,314.85,69.93,,
5:15,315.26,69.9,,
5:15,315.68,69.93,,
5:16,316.09,69.9,,
5:16,316.5,69.93,,
5:16,316.91,69.93,,
5:17,317.33,69.9,,
5:17,317.74,69.93,,
5:18,318.15,69.93,,
5:18,318.56,69.93,,
5:18,318.97,69.93,,
5:19,319.39,69.93,,
5:19,319.8,69.93,,
5:20,320.21,69.93,,
5:20,320.62,69.9,,
5:21,321.04,69.93,,
5:21,321.45,69.93,,
5:21,321.86,69.93,,
5:22,322.27,69.93,,
5:22,322.69,69.9,,
5:23,323.1,69.9,,
5:23,323.51,69.93,,
5:23,323.92,69.93,,
5:24,324.34,69.93,,
5:24,324.75,69.93,,
5:25,325.16,69.93,,
5:25,325.58,69.93,,
5:25,325.99,69.9,,
5:26,326.4,69.93,,
5:26,326.81,69.93,,
5:27,327.23,69.9,,
5:27,327.64,69.93,,
5:28,328.05,69.93,,
5:28,328.47,69.93,,
5:28,328.88,69.93,,
5:29,329.29,69.93,,
5:29,329.7,69.93,,
5:30,330.11,69.9,,
5:30,330.53,69.9,,
5:30,330.94,69.93,,
5:31,331.35,69.93,,
5:31,331.77,69.93,,
5:32,332.18,69.93,,
5:32,332.59,69.93,,
5:33,333,69.93,,
5:33,333.42,69.93,,
5:33,333.83,69.9,,
5:34,334.24,69.93,,
5:34,334.65,69.9,,
5:35,335.07,69.93,,
5:35,335.48,69.93,,
5:35,335.89,69.93,,
5:36,336.3,69.93,,
5:36,336.72,69.9,,
5:37,337.14,69.93,,
5:37,337.55,69.87,,
5:37,337.96,69.7,,
5:38,338.38,69.52,,
5:38,338.79,69.4,,
5:39,339.2,69.39,,
5:39,339.61,69.4,,
5:40,340.03,69.46,,
5:40,340.44,69.52,,
5:40,340.85,69.58,,
5:41,341.26,69.66,,
5:41,341.68,69.73,,
5:42,342.09,69.81,,
5:42,342.5,69.87,,
5:42,342.91,69.93,,
5:43,343.33,69.96,,
5:43,343.74,70.02,,
5:44,344.15,70.07,,
5:44,344.56,70.1,,
5:44,344.98,70.16,,
5:45,345.39,70.22,,
5:45,345.8,70.27,,
5:46,346.21,70.31,,
5:46,346.63,70.37,,
5:47,347.04,70.4,,
5:47,347.45,70.46,,
5:47,347.87,70.49,,
5:48,348.28,70.54,,
5:48,348.69,70.6,,
5:49,349.1,70.64,,
5:49,349.52,70.67,,
5:49,349.93,70.71,,
5:50,350.34,70.77,,
5:50,350.75,70.8,,
5:51,351.17,70.86,,
5:51,351.58,70.89,,
5:51,351.99,70.92,,
5:52,352.4,70.95,,
5:52,352.82,71.01,,
5:53,353.23,71.04,,
5:53,353.64,71.07,,
5:54,354.06,71.1,,
5:54,354.47,71.15,,
5:54,354.88,71.18,,
5:55,355.29,71.22,,
5:55,355.71,71.28,,
5:56,356.12,71.31,,
5:56,356.53,71.33,,
5:56,356.94,71.38,,
5:57,357.36,71.41,,
5:57,357.77,71.47,,
5:58,358.18,71.47,,
5:58,358.59,71.53,,
5:59,359,71.56,,
5:59,359.42,71.59,,
5:59,359.83,71.65,,
6:00,360.24,71.68,,
6:00,360.65,71.71,,
6:01,361.07,71.73,,
6:01,361.48,71.76,,
6:01,361.89,71.82,,
6:02,362.3,71.86,,
6:02,362.72,71.89,,
6:03,363.13,71.91,,
6:03,363.54,71.94,,
6:03,363.95,71.97,,
6:04,364.37,72.03,,
6:04,364.78,72.05,,
6:05,365.19,72.08,,
6:05,365.6,72.1,,
6:06,366.02,72.14,,
6:06,366.43,72.2,,
6:06,366.84,72.23,,
6:07,367.25,72.26,,
6:07,367.67,72.29,,
6:08,368.08,72.31,,
6:08,368.49,72.37,,
6:08,368.9,72.4,,
6:09,369.32,72.44,,
6:09,369.73,72.47,,
6:10,370.14,72.49,,
6:10,370.56,72.52,,
6:10,370.97,72.58,,
6:11,371.38,72.61,,
6:11,371.79,72.64,,
6:12,372.21,72.67,,
6:12,372.62,72.7,,
6:13,373.03,72.73,,
6:13,373.44,72.75,,
6:13,373.86,72.81,,
6:14,374.27,72.84,,
6:14,374.68,72.87,,
6:15,375.09,72.89,,
6:15,375.51,72.95,,
6:15,375.92,72.98,,
6:16,376.33,73.01,,
6:16,376.75,73.02,,
6:17,377.16,73.08,,
6:17,377.57,73.1,,
6:17,377.98,73.13,,
6:18,378.39,73.19,,
6:18,378.81,73.22,,
6:19,379.22,73.25,,
6:19,379.63,73.28,,
6:20,380.05,73.3,,
6:20,380.46,73.34,,
6:20,380.87,73.37,,
6:21,381.28,73.4,,
6:21,381.7,73.44,,
6:22,382.11,73.47,,
6:22,382.52,73.5,,
6:22,382.93,73.56,,
6:23,383.35,73.59,,
6:23,383.76,73.63,,
6:24,384.17,73.65,,
6:24,384.58,73.68,,
6:25,385,73.71,,
6:25,385.41,73.77,,
6:25,385.82,73.77,,
6:26,386.23,73.8,,
6:26,386.64,73.85,,
6:27,387.06,73.88,,
6:27,387.47,73.91,,
6:27,387.88,73.92,,
6:28,388.29,73.98,,
6:28,388.71,74.01,,
6:29,389.12,74.04,,
6:29,389.53,74.06,,
6:29,389.95,74.11,,
6:30,390.36,74.14,,
6:30,390.77,74.17,,
6:31,391.18,74.2,,
6:31,391.6,74.23,,
6:32,392.01,74.29,,
6:32,392.42,74.32,,
6:32,392.84,74.35,,
6:33,393.25,74.38,,
6:33,393.66,74.41,,
6:34,394.07,74.43,,
6:34,394.49,74.49,,
6:34,394.9,74.53,,
6:35,395.31,74.56,,
6:35,395.72,74.59,,
6:36,396.13,74.59,,
6:36,396.55,74.64,,
6:36,396.96,74.67,,
6:37,397.37,74.73,,
6:37,397.78,74.73,,
6:38,398.2,74.78,,
6:38,398.61,74.8,,
6:39,399.02,74.84,,
6:39,399.43,74.87,,
6:39,399.85,74.93,,
6:40,400.26,74.93,,
6:40,400.67,74.98,,
6:41,401.08,75.01,,
6:41,401.5,75.04,,
6:41,401.91,75.1,,
6:42,402.32,75.11,,
6:42,402.73,75.14,,
6:43,403.15,75.16,,
6:43,403.56,75.22,,
6:43,403.97,75.25,,
6:44,404.38,75.28,,
6:44,404.8,75.34,,
6:45,405.21,75.34,,
6:45,405.62,75.36,,
6:46,406.03,75.42,,
6:46,406.45,75.46,,
6:46,406.86,75.49,,
6:47,407.27,75.51,,
6:47,407.69,75.53,,
6:48,408.1,75.56,,
6:48,408.51,75.62,,
6:48,408.92,75.65,,
6:49,409.34,75.68,,
6:49,409.75,75.71,,
6:50,410.16,75.72,,
6:50,410.57,75.77,,
6:50,410.99,75.8,,
6:51,411.4,75.86,,
6:51,411.81,75.89,,
6:52,412.22,75.91,,
6:52,412.64,75.94,,
6:53,413.05,75.97,,
6:53,413.46,76.04,,
6:53,413.87,76.04,,
6:54,414.29,76.07,,
6:54,414.7,76.12,,
6:55,415.11,76.15,,
6:55,415.53,76.18,,
6:55,415.94,76.23,,
6:56,416.35,76.23,,
6:56,416.76,76.29,,
6:57,417.17,76.31,,
6:57,417.59,76.35,,
6:58,418,76.38,,
6:58,418.41,76.41,,
6:58,418.82,76.44,,
6:59,419.24,76.49,,
6:59,419.65,76.52,,
7:00,420.06,76.55,,
7:00,420.47,76.58,,
7:00,420.89,76.61,,
7:01,421.3,76.65,,
7:01,421.71,76.68,,
7:02,422.12,76.7,,
7:02,422.53,76.76,,
7:02,422.95,76.79,,
7:03,423.36,76.82,,
7:03,423.77,76.85,,
7:04,424.19,76.87,,
7:04,424.6,76.93,,
7:05,425.01,76.96,,
7:05,425.42,76.99,,
7:05,425.84,77.02,,
7:06,426.25,77.04,,
7:06,426.66,77.07,,
7:07,427.07,77.13,,
7:07,427.49,77.13,,
7:07,427.9,77.19,,
7:08,428.31,77.23,,
7:08,428.73,77.25,,
7:09,429.14,77.28,,
7:09,429.55,77.31,,
7:09,429.96,77.34,,
7:10,430.38,77.37,,
7:10,430.79,77.4,,
7:11,431.2,77.45,,
7:11,431.61,77.48,,
7:12,432.03,77.51,,
7:12,432.44,77.55,,
7:12,432.85,77.57,,
7:13,433.26,77.6,,
7:13,433.68,77.63,,
7:14,434.09,77.68,,
7:14,434.5,77.71,,
7:14,434.91,77.74,,
7:15,435.33,77.77,,
7:15,435.74,77.83,,
7:16,436.15,77.86,,
7:16,436.56,77.89,,
7:16,436.98,77.92,,
7:17,437.39,77.95,,
7:17,437.8,77.98,,
7:18,438.21,78.01,,
7:18,438.62,78.04,,
7:19,439.04,78.09,,
7:19,439.45,78.12,,
7:19,439.86,78.16,,
7:20,440.28,78.19,,
7:20,440.69,78.22,,
7:21,441.1,78.24,,
7:21,441.51,78.26,,
7:21,441.92,78.32,,
7:22,442.34,78.35,,
7:22,442.75,78.38,,
7:23,443.16,78.41,,
7:23,443.58,78.44,,
7:23,443.99,78.47,,
7:24,444.4,78.53,,
7:24,444.81,78.56,,
7:25,445.23,78.59,,
7:25,445.64,78.62,,
7:26,446.05,78.65,,
7:26,446.46,78.67,,
7:26,446.88,78.71,,
7:27,447.29,78.77,,
7:27,447.7,78.8,,
7:28,448.11,78.83,,
7:28,448.53,78.85,,
7:28,448.94,78.88,,
7:29,449.35,78.91,,
7:29,449.77,78.94,,
7:30,450.18,78.96,,
7:30,450.59,79.03,,
7:31,451,79.05,,
7:31,451.41,79.08,,
7:31,451.83,79.11,,
7:32,452.24,79.14,,
7:32,452.65,79.2,,
7:33,453.07,79.2,,
7:33,453.48,79.26,,
7:33,453.89,79.28,,
7:34,454.3,79.31,,
7:34,454.72,79.32,,
7:35,455.13,79.38,,
7:35,455.54,79.44,,
7:35,455.95,79.44,,
7:36,456.37,79.47,,
7:36,456.78,79.5,,
7:37,457.19,79.52,,
7:37,457.6,79.58,,
7:38,458.02,79.62,,
7:38,458.43,79.64,,
7:38,458.84,79.69,,
7:39,459.25,79.72,,
7:39,459.67,79.75,,
7:40,460.08,79.78,,
7:40,460.49,79.81,,
7:40,460.9,79.87,,
7:41,461.32,79.87,,
7:41,461.73,79.9,,
7:42,462.14,79.96,,
7:42,462.55,79.99,,
7:42,462.97,80.02,,
7:43,463.38,80.05,,
7:43,463.79,80.08,,
7:44,464.2,80.11,,
7:44,464.61,80.14,,
7:45,465.03,80.16,,
7:45,465.44,80.22,,
7:45,465.85,80.23,,
7:46,466.27,80.29,,
7:46,466.68,80.32,,
7:47,467.09,80.34,,
7:47,467.5,80.39,,
7:47,467.92,80.39,,
7:48,468.33,80.45,,
7:48,468.74,80.48,,
7:49,469.15,80.52,,
7:49,469.57,80.55,,
7:49,469.98,80.58,,
7:50,470.39,80.6,,
7:50,470.8,80.63,,
7:51,471.22,80.69,,
7:51,471.63,80.72,,
7:52,472.04,80.75,,
7:52,472.45,80.78,,
7:52,472.87,80.81,,
7:53,473.29,80.85,,
7:53,473.69,80.87,,
7:54,474.1,80.93,,
7:54,474.52,80.96,,
7:54,474.93,80.99,,
7:55,475.34,81.01,,
7:55,475.76,81.04,,
7:56,476.17,81.07,,
7:56,476.58,81.12,,
7:56,476.99,81.13,,
7:57,477.4,81.19,,
7:57,477.82,81.22,,
7:58,478.23,81.25,,
7:58,478.64,81.28,,
7:59,479.05,81.31,,
7:59,479.47,81.34,,
7:59,479.88,81.36,,
8:00,480.29,81.42,,
8:00,480.7,81.46,,
8:01,481.12,81.49,,
8:01,481.53,81.52,,
8:01,481.94,81.55,,
8:02,482.35,81.58,,
8:02,482.77,81.61,,
8:03,483.18,81.66,,
8:03,483.59,81.69,,
8:04,484.01,81.71,,
8:04,484.42,81.75,,
8:04,484.83,81.78,,
8:05,485.24,81.81,,
8:05,485.66,81.84,,
8:06,486.07,81.89,,
8:06,486.48,81.92,,
8:06,486.89,81.95,,
8:07,487.31,81.98,,
8:07,487.72,82.01,,
8:08,488.14,82.05,,
8:08,488.56,82.08,,
8:08,488.97,82.11,,
8:09,489.38,82.14,,
8:09,489.79,82.16,,
8:10,490.22,82.22,,
8:10,490.63,82.25,,
8:11,491.05,82.28,,
8:11,491.46,82.31,,
8:11,491.87,82.34,,
8:12,492.28,82.4,,
8:12,492.69,82.4,,
8:13,493.11,82.45,,
8:13,493.52,82.48,,
8:13,493.93,82.54,,
8:14,494.35,82.57,,
8:14,494.76,82.6,,
8:15,495.17,82.63,,
8:15,495.58,82.66,,
8:15,495.99,82.7,,
8:16,496.41,82.72,,
8:16,496.82,82.75,,
8:17,497.23,82.78,,
8:17,497.64,82.81,,
8:18,498.06,82.84,,
8:18,498.47,82.87,,
8:18,498.88,82.93,,
8:19,499.3,82.96,,
8:19,499.71,83,,
8:20,500.13,83,,
8:20,500.53,83.05,,
8:20,500.95,83.07,,
8:21,501.36,83.1,,
8:21,501.77,83.16,,
8:22,502.19,83.19,,
8:22,502.6,83.22,,
8:23,503.01,83.26,,
8:23,503.42,83.29,,
8:23,503.83,83.32,,
8:24,504.25,83.34,,
8:24,504.66,83.37,,
8:25,505.07,83.43,,
8:25,505.48,83.46,,
8:25,505.89,83.49,,
8:26,506.32,83.52,,
8:26,506.73,83.55,,
8:27,507.15,83.59,,
8:27,507.56,83.62,,
8:27,507.97,83.65,,
8:28,508.39,83.68,,
8:28,508.8,83.7,,
8:29,509.21,83.76,,
8:29,509.62,83.78,,
8:30,510.03,83.81,,
8:30,510.45,83.84,,
8:30,510.86,83.88,,
8:31,511.28,83.91,,
8:31,511.7,83.94,,
8:32,512.11,84,,
8:32,512.52,84.03,,
8:32,512.93,84.06,,
8:33,513.35,84.08,,
8:33,513.76,84.11,,
8:34,514.17,84.14,,
8:34,514.58,84.21,,
8:35,515,84.24,,
8:35,515.41,84.27,,
8:35,515.82,84.3,,
8:36,516.24,84.33,,
8:36,516.65,84.36,,
8:37,517.06,84.39,,
8:37,517.48,84.42,,
8:37,517.9,84.45,,
8:38,518.31,84.47,,
8:38,518.72,84.53,,
8:39,519.13,84.56,,
8:39,519.55,84.59,,
8:39,519.97,84.62,,
8:40,520.38,84.65,,
8:40,520.8,84.68,,
8:41,521.21,84.74,,
8:41,521.62,84.77,,
8:42,522.04,84.8,,
8:42,522.45,84.81,,
8:42,522.86,84.84,,
8:43,523.27,84.9,,
8:43,523.69,84.92,,
8:44,524.1,84.95,,
8:44,524.51,84.98,,
8:44,524.94,85.04,,
8:45,525.35,85.04,,
8:45,525.76,85.11,,
8:46,526.17,85.14,,
8:46,526.59,85.16,,
8:47,527,85.19,,
8:47,527.42,85.22,,
8:47,527.84,85.25,,
8:48,528.25,85.31,,
8:48,528.66,85.34,,
8:49,529.07,85.37,,
8:49,529.49,85.4,,
8:49,529.9,85.43,,
8:50,530.31,85.46,,
8:50,530.72,85.49,,
8:51,531.14,85.52,,
8:51,531.55,85.55,,
8:51,531.96,85.61,,
8:52,532.37,85.61,,
8:52,532.79,85.64,,
8:53,533.2,85.67,,
8:53,533.61,85.73,,
8:54,534.02,85.74,,
8:54,534.44,85.8,,
8:54,534.85,85.83,,
8:55,535.26,85.85,,
8:55,535.67,85.88,,
8:56,536.09,85.94,,
8:56,536.5,85.97,,
8:56,536.91,86,,
8:57,537.33,86.03,,
8:57,537.74,86.06,,
8:58,538.15,86.09,,
8:58,538.56,86.12,,
8:58,538.98,86.15,,
8:59,539.39,86.18,,
8:59,539.8,86.24,,
9:00,540.21,86.27,,
9:00,540.63,86.3,,
9:01,541.04,86.33,,
9:01,541.45,86.37,,
9:01,541.86,86.4,,
9:02,542.28,86.43,,
9:02,542.69,86.46,,
9:03,543.1,86.49,,
9:03,543.51,86.52,,
9:03,543.93,86.54,,
9:04,544.34,86.6,,
9:04,544.75,86.63,,
9:05,545.16,86.66,,
9:05,545.58,86.7,,
9:05,545.99,86.73,,
9:06,546.4,86.76,,
9:06,546.81,86.79,,
9:07,547.22,86.82,,
9:07,547.64,86.88,,
9:08,548.05,86.91,,
9:08,548.46,86.91,,
9:08,548.88,86.97,,
9:09,549.29,87.01,,
9:09,549.7,87.04,,
9:10,550.11,87.07,,
9:10,550.53,87.09,,
9:10,550.94,87.12,,
9:11,551.35,87.18,,
9:11,551.76,87.18,,
9:12,552.18,87.23,,
9:12,552.59,87.26,,
9:13,553,87.3,,
9:13,553.41,87.33,,
9:13,553.82,87.36,,
9:14,554.24,87.39,,
9:14,554.65,87.42,,
9:15,555.06,87.45,,
9:15,555.48,87.48,,
9:15,555.89,87.51,,
9:16,556.3,87.57,,
9:16,556.71,87.6,,
9:17,557.13,87.61,,
9:17,557.54,87.67,,
9:17,557.95,87.7,,
9:18,558.37,87.73,,
9:18,558.78,87.76,,
9:19,559.19,87.79,,
9:19,559.6,87.82,,
9:20,560.02,87.88,,
9:20,560.43,87.9,,
9:20,560.84,87.94,,
9:21,561.25,87.97,,
9:21,561.67,88,,
9:22,562.08,88.03,,
9:22,562.49,88.06,,
9:22,562.9,88.09,,
9:23,563.32,88.15,,
9:23,563.73,88.18,,
9:24,564.14,88.18,,
9:24,564.55,88.24,,
9:24,564.97,88.25,,
9:25,565.38,88.31,,
9:25,565.79,88.31,,
9:26,566.2,88.34,,
9:26,566.62,88.4,,
9:27,567.03,88.43,,
9:27,567.44,88.46,,
9:27,567.85,88.49,,
9:28,568.26,88.52,,
9:28,568.68,88.55,,
9:29,569.09,88.59,,
9:29,569.5,88.61,,
9:29,569.92,88.67,,
9:30,570.33,88.7,,
9:30,570.74,88.73,,
9:31,571.15,88.77,,
9:31,571.57,88.8,,
9:31,571.98,88.83,,
9:32,572.39,88.86,,
9:32,572.8,88.9,,
9:33,573.22,88.93,,
9:33,573.63,88.96,,
9:34,574.04,88.99,,
9:34,574.45,89.02,,
9:34,574.87,89.08,,
9:35,575.28,89.08,,
9:35,575.69,89.14,,
9:36,576.1,89.17,,
9:36,576.52,89.21,,
9:36,576.93,89.24,,
9:37,577.34,89.27,,
9:37,577.75,89.29,,
9:38,578.17,89.32,,
9:38,578.58,89.35,,
9:38,578.99,89.38,,
9:39,579.41,89.44,,
9:39,579.82,89.47,,
9:40,580.23,89.5,,
9:40,580.64,89.51,,
9:41,581.06,89.57,,
9:41,581.47,89.6,,
9:41,581.88,89.63,,
9:42,582.29,89.66,,
9:42,582.71,89.69,,
9:43,583.12,89.73,,
9:43,583.53,89.76,,
9:43,583.94,89.79,,
9:44,584.36,89.82,,
9:44,584.77,89.86,,
9:45,585.18,89.89,,
9:45,585.59,89.92,,
9:46,586.01,89.95,,
9:46,586.42,90,,
9:46,586.83,90.03,,
9:47,587.24,90.06,,
9:47,587.66,90.09,,
9:48,588.07,90.12,,
9:48,588.48,90.16,,
9:48,588.89,90.19,,
9:49,589.3,90.22,,
9:49,589.72,90.28,,
9:50,590.13,90.32,,
9:50,590.54,90.32,,
9:50,590.95,90.38,,
9:51,591.37,90.38,,
9:51,591.78,90.44,,
9:52,592.19,90.47,,
9:52,592.6,90.48,,
9:53,593.02,90.54,,
9:53,593.43,90.57,,
9:53,593.84,90.6,,
9:54,594.26,90.63,,
9:54,594.67,90.66,,
9:55,595.08,90.68,,
9:55,595.49,90.71,,
9:55,595.91,90.78,,
9:56,596.32,90.82,,
9:56,596.73,90.82,,
9:57,597.14,90.88,,
9:57,597.56,90.91,,
9:57,597.97,90.91,,
9:58,598.38,90.97,,
9:58,598.79,91,,
9:59,599.21,91.03,,
9:59,599.62,91.06,,
10:00,600.03,91.09,,
10:00,600.45,91.13,,
10:00,600.86,91.16,,
10:01,601.27,91.2,,
10:01,601.68,91.23,,
10:02,602.1,91.26,,
10:02,602.51,91.29,,
10:02,602.92,91.32,,
10:03,603.33,91.34,,
10:03,603.75,91.4,,
10:04,604.16,91.43,,
10:04,604.57,91.47,,
10:04,604.98,91.51,,
10:05,605.4,91.54,,
10:05,605.81,91.57,,
10:06,606.22,91.6,,
10:06,606.63,91.63,,
10:07,607.05,91.66,,
10:07,607.46,91.69,,
10:07,607.87,91.75,,
10:08,608.28,91.76,,
10:08,608.7,91.83,,
10:09,609.11,91.83,,
10:09,609.52,91.86,,
10:09,609.93,91.89,,
10:10,610.34,91.92,,
10:10,610.76,91.98,,
10:11,611.17,91.98,,
10:11,611.58,92.03,,
10:12,612,92.06,,
10:12,612.41,92.1,,
10:12,612.82,92.14,,
10:13,613.23,92.17,,
10:13,613.64,92.2,,
10:14,614.06,92.23,,
10:14,614.47,92.26,,
10:14,614.88,92.29,,
10:15,615.29,92.32,,
10:15,615.71,92.35,,
10:16,616.12,92.39,,
10:16,616.53,92.43,,
10:16,616.94,92.46,,
10:17,617.36,92.49,,
10:17,617.77,92.52,,
10:18,618.18,92.58,,
10:18,618.6,92.58,,
10:19,619.01,92.65,,
10:19,619.42,92.68,,
10:19,619.83,92.71,,
10:20,620.25,92.73,,
10:20,620.66,92.77,,
10:21,621.07,92.8,,
10:21,621.48,92.83,,
10:21,621.9,92.87,,
10:22,622.31,92.9,,
10:22,622.72,92.93,,
10:23,623.13,92.99,,
10:23,623.55,92.99,,
10:23,623.96,93.02,,
10:24,624.37,93.05,,
10:24,624.79,93.09,,
10:25,625.2,93.13,,
10:25,625.61,93.16,,
10:26,626.02,93.22,,
10:26,626.44,93.22,,
10:26,626.85,93.25,,
10:27,627.26,93.32,,
10:27,627.67,93.35,,
10:28,628.09,93.38,,
10:28,628.5,93.41,,
10:28,628.91,93.41,,
10:29,629.32,93.44,,
10:29,629.74,93.51,,
10:30,630.15,93.54,,
10:30,630.56,93.57,,
10:30,630.97,93.6,,
10:31,631.38,93.63,,
10:31,631.8,93.66,,
10:32,632.21,93.7,,
10:32,632.62,93.73,,
10:33,633.04,93.77,,
10:33,633.45,93.8,,
10:33,633.86,93.83,,
10:34,634.27,93.86,,
10:34,634.68,93.89,,
10:35,635.1,93.93,,
10:35,635.51,93.99,,
10:35,635.92,94.02,,
10:36,636.34,94.02,,
10:36,636.75,94.09,,
10:37,637.16,94.1,,
10:37,637.57,94.12,,
10:37,637.99,94.15,,
10:38,638.4,94.21,,
10:38,638.81,94.25,,
10:39,639.22,94.28,,
10:39,639.64,94.31,,
10:40,640.05,94.34,,
10:40,640.46,94.37,,
10:40,640.88,94.4,,
10:41,641.29,94.41,,
10:41,641.7,94.45,,
10:42,642.11,94.51,,
10:42,642.52,94.54,,
10:42,642.94,94.57,,
10:43,643.35,94.61,,
10:43,643.76,94.64,,
10:44,644.18,94.67,,
10:44,644.59,94.7,,
10:45,645,94.74,,
10:45,645.41,94.78,,
10:45,645.82,94.8,,
10:46,646.24,94.83,,
10:46,646.65,94.86,,
10:47,647.06,94.89,,
10:47,647.47,94.96,,
10:47,647.89,94.99,,
10:48,648.3,94.99,,
10:48,648.71,95.02,,
10:49,649.12,95.09,,
10:49,649.54,95.13,,
10:49,649.95,95.13,,
10:50,650.36,95.16,,
10:50,650.77,95.19,,
10:51,651.19,95.23,,
10:51,651.6,95.26,,
10:52,652.01,95.29,,
10:52,652.43,95.32,,
10:52,652.84,95.36,,
10:53,653.25,95.39,,
10:53,653.66,95.42,,
10:54,654.07,95.46,,
10:54,654.49,95.48,,
10:54,654.9,95.55,,
10:55,655.31,95.55,,
10:55,655.73,95.61,,
10:56,656.14,95.65,,
10:56,656.55,95.68,,
10:56,656.96,95.71,,
10:57,657.38,95.74,,
10:57,657.79,95.78,,
10:58,658.2,95.82,,
10:58,658.61,95.82,,
10:59,659.03,95.88,,
10:59,659.44,95.91,,
10:59,659.85,95.91,,
11:00,660.26,95.98,,
11:00,660.68,96.01,,
11:01,661.09,96.05,,
11:01,661.5,96.05,,
11:01,661.92,96.11,,
11:02,662.33,96.15,,
11:02,662.74,96.17,,
11:03,663.15,96.21,,
11:03,663.56,96.24,,
11:03,663.98,96.24,,
11:04,664.39,96.31,,
11:04,664.8,96.34,,
11:05,665.21,96.37,,
11:05,665.63,96.4,,
11:06,666.04,96.44,,
11:06,666.45,96.45,,
11:06,666.86,96.48,,
11:07,667.28,96.54,,
11:07,667.69,96.58,,
11:08,668.1,96.61,,
11:08,668.51,96.61,,
11:08,668.93,96.68,,
11:09,669.34,96.71,,
11:09,669.75,96.74,,
11:10,670.16,96.78,,
11:10,670.58,96.82,,
11:10,670.99,96.85,,
11:11,671.4,96.85,,
11:11,671.81,96.87,,
11:12,672.23,96.9,,

