seq_id,PCR01,PCR02,PCR03,PCR04,PCR05,PCR06,PCR07,PCR08,PCR09,PCR10
GCall_007731,914,940,1026.0,1074.0,1016.0,878.0,810.0,852.0,676.0,546.0
GCall_006762,892,908,836.0,904.0,800.0,706.0,536.0,554.0,436.0,234.0
GCall_009723,884,806,868.0,994.0,814.0,658.0,586.0,560.0,544.0,356.0
GCall_009439,882,898,842.0,984.0,830.0,722.0,634.0,582.0,504.0,344.0
GCfix_006134,872,968,926.0,1074.0,912.0,764.0,678.0,674.0,598.0,370.0
GCfix_005815,866,778,868.0,930.0,772.0,620.0,562.0,554.0,522.0,330.0
GCall_007723,870,954,1021.0,1122.0,1110.0,932.0,862.0,950.0,766.0,536.0
GCfix_000952,854,1752,2350.0,3188.0,3642.0,4242.0,4178.0,4902.0,5176.0,3820.0
GCall_004995,850,880,782.0,892.0,756.0,584.0,542.0,502.0,430.0,276.0
GCfix_006745,846,1006,1002.0,1152.0,1000.0,935.0,896.0,837.0,704.0,586.0
GCfix_001510,838,972,884.0,1028.0,962.0,716.0,616.0,666.0,572.0,382.0
GCfix_011057,836,798,742.0,900.0,750.0,660.0,556.0,562.0,480.0,384.0
GCfix_004267,836,808,792.0,970.0,802.0,670.0,476.0,588.0,494.0,342.0
GCall_001371,828,924,898.0,1050.0,930.0,740.0,756.0,782.0,570.0,458.0
GCfix_007557,830,840,728.0,826.0,748.0,678.0,490.0,534.0,480.0,342.0
GCall_000296,828,810,802.0,1006.0,958.0,716.0,658.0,682.0,500.0,352.0
GCall_010977,818,894,996.0,1164.0,1044.0,880.0,904.0,956.0,926.0,658.0
GCall_007684,822,914,856.0,888.0,864.0,706.0,592.0,616.0,510.0,296.0
GCall_008310,816,832,822.0,924.0,912.0,750.0,678.0,596.0,566.0,374.0
GCfix_003248,818,902,900.0,934.0,924.0,666.0,630.0,628.0,592.0,378.0
GCfix_003352,812,914,940.0,992.0,916.0,670.0,616.0,736.0,638.0,370.0
GCfix_000188,818,928,1064.0,1180.0,1068.0,1200.0,1044.0,1074.0,1052.0,762.0
GCfix_008217,810,916,908.0,1016.0,1024.0,812.0,802.0,830.0,742.0,580.0
GCall_004481,810,938,1028.0,1120.0,1178.0,1040.0,974.0,1100.0,1044.0,694.0
GCall_010649,804,722,816.0,920.0,846.0,626.0,570.0,562.0,514.0,348.0
GCall_008872,810,944,848.0,1018.0,924.0,712.0,716.0,580.0,486.0,346.0
GCall_004122,804,812,962.0,1116.0,1166.0,1022.0,1114.0,1036.0,1060.0,812.0
GCfix_004773,810,904,954.0,966.0,944.0,840.0,708.0,696.0,634.0,476.0
GCall_010770,808,870,876.0,1004.0,948.0,820.0,698.0,682.0,688.0,464.0
GCall_003292,804,846,830.0,892.0,880.0,688.0,612.0,648.0,568.0,384.0
GCall_003518,792,840,862.0,974.0,889.0,722.0,692.0,660.0,594.0,396.0
GCfix_007747,790,880,944.0,1094.0,1070.0,906.0,936.0,826.0,822.0,616.0
GCfix_003461,790,878,892.0,936.0,936.0,760.0,698.0,706.0,614.0,394.0
GCfix_003351,784,770,748.0,764.0,704.0,590.0,558.0,456.0,458.0,288.0
GCfix_002669,790,884,768.0,976.0,840.0,688.0,572.0,583.0,494.0,320.0
GCall_005107,788,774,838.0,1014.0,906.0,752.0,664.0,710.0,626.0,484.0
GCall_009241,788,842,830.0,998.0,914.0,756.0,756.0,790.0,688.0,546.0
GCfix_002655,788,894,882.0,1082.0,1012.0,882.0,708.0,820.0,760.0,494.0
GCall_003773,780,772,702.0,794.0,714.0,574.0,528.0,462.0,366.0,280.0
GCall_009012,778,830,722.0,832.0,844.0,678.0,640.0,522.0,498.0,354.0
GCall_004064,776,832,918.0,1000.0,1024.0,872.0,754.0,820.0,820.0,560.0
GCfix_010075,776,726,832.0,842.0,786.0,564.0,588.0,506.0,402.0,284.0
GCall_004965,774,718,736.0,836.0,780.0,622.0,466.0,422.0,400.0,272.0
GCfix_009248,770,894,918.0,994.0,938.0,846.0,664.0,704.0,620.0,368.0
GCfix_003584,768,850,782.0,948.0,916.0,782.0,732.0,672.0,662.0,500.0
GCall_011687,770,798,832.0,1140.0,1038.0,916.0,836.0,862.0,858.0,634.0
GCall_011080,776,738,838.0,934.0,856.0,716.0,584.0,638.0,586.0,356.0
GCall_009880,768,826,812.0,1054.0,926.0,732.0,664.0,688.0,548.0,404.0
GCfix_009767,766,812,872.0,892.0,806.0,732.0,608.0,642.0,558.0,400.0
GCall_000466,760,762,720.0,806.0,739.0,554.0,484.0,456.0,378.0,236.0
GCfix_005299,762,798,880.0,1040.0,1048.0,900.0,922.0,914.0,738.0,604.0
GCall_007462,758,770,762.0,790.0,736.0,536.0,476.0,482.0,420.0,268.0
GCall_003968,756,810,844.0,922.0,798.0,706.0,686.0,672.0,572.0,396.0
GCall_000069,756,778,862.0,1042.0,1042.0,756.0,854.0,862.0,726.0,628.0
GCfix_010434,760,852,771.0,854.0,884.0,688.0,636.0,608.0,490.0,382.0
GCfix_010762,756,734,810.0,870.0,760.0,604.0,542.0,506.0,466.0,348.0
GCfix_008722,760,760,774.0,982.0,852.0,690.0,602.0,636.0,576.0,364.0
GCall_000576,756,968,910.0,1036.0,992.0,784.0,730.0,718.0,656.0,466.0
GCfix_003591,754,202,90.0,40.0,36.0,12.0,8.0,12.0,2.0,4.0
GCfix_011918,756,824,770.0,1008.0,966.0,760.0,676.0,750.0,766.0,514.0
GCfix_009396,754,834,840.0,910.0,834.0,724.0,720.0,656.0,590.0,396.0
GCfix_003151,752,792,822.0,968.0,926.0,876.0,786.0,810.0,700.0,574.0
GCall_006242,750,830,874.0,1064.0,1094.0,888.0,840.0,908.0,792.0,576.0
GCall_002180,752,786,836.0,998.0,994.0,824.0,692.0,842.0,746.0,512.0
GCfix_005127,748,772,748.0,830.0,796.0,574.0,506.0,506.0,480.0,306.0
GCall_009239,748,846,714.0,970.0,892.0,766.0,732.0,712.0,608.0,448.0
GCfix_002516,750,412,276.0,176.0,80.0,40.0,14.0,12.0,12.0,8.0
GCall_007835,744,746,752.0,912.0,848.0,698.0,664.0,618.0,568.0,378.0
GCall_004981,746,812,762.0,828.0,744.0,620.0,590.0,566.0,488.0,368.0
GCfix_007922,740,386,194.0,118.0,46.0,34.0,14.0,6.0,4.0,6.0
GCfix_001776,742,758,780.0,836.0,916.0,720.0,600.0,646.0,580.0,474.0
GCfix_001509,738,782,834.0,950.0,972.0,896.0,808.0,1084.0,880.0,704.0
GCall_002279,738,686,732.0,1000.0,832.0,712.0,568.0,652.0,502.0,348.0
GCall_006477,736,684,816.0,838.0,756.0,628.0,628.0,474.0,508.0,322.0
GCall_006695,732,802,878.0,962.0,938.0,714.0,570.0,602.0,580.0,372.0
GCfix_011728,732,780,962.0,1102.0,1122.0,864.0,820.0,936.0,860.0,654.0
GCfix_004361,734,866,842.0,962.0,934.0,688.0,788.0,752.0,768.0,508.0
GCall_004468,736,772,770.0,910.0,680.0,578.0,490.0,508.0,450.0,278.0
GCfix_009851,738,844,754.0,920.0,864.0,742.0,598.0,640.0,558.0,438.0
GCfix_000710,730,882,728.0,882.0,818.0,654.0,568.0,474.0,544.0,250.0
GCfix_001424,728,730,696.0,716.0,760.0,512.0,460.0,416.0,354.0,216.0
GCall_010833,734,832,816.0,1006.0,958.0,856.0,774.0,826.0,808.0,564.0
GCall_009388,728,948,934.0,862.0,752.0,620.0,562.0,508.0,396.0,252.0
GCall_010899,728,748,732.0,798.0,810.0,632.0,560.0,572.0,436.0,326.0
GCall_000632,730,784,678.0,928.0,916.0,634.0,568.0,590.0,536.0,340.0
GCall_009882,726,810,788.0,942.0,918.0,696.0,664.0,580.0,480.0,366.0
GCall_004087,730,258,74.0,54.0,24.0,12.0,22.0,18.0,16.0,4.0
GCfix_008609,724,830,770.0,1022.0,916.0,768.0,704.0,788.0,750.0,458.0
GCfix_000022,724,858,904.0,1086.0,1088.0,916.0,834.0,822.0,762.0,596.0
GCfix_003924,720,830,852.0,928.0,922.0,676.0,614.0,652.0,508.0,370.0
GCfix_008668,720,698,668.0,780.0,738.0,650.0,586.0,560.0,570.0,346.0
GCall_006134,716,876,904.0,1012.0,880.0,784.0,672.0,624.0,612.0,460.0
GCall_002336,714,632,422.0,338.0,220.0,142.0,82.0,66.0,36.0,26.0
GCfix_000358,712,894,882.0,1204.0,1050.0,1136.0,1116.0,1194.0,1210.0,870.0
GCall_003424,718,694,700.0,726.0,672.0,546.0,502.0,438.0,416.0,288.0
GCfix_011877,710,796,700.0,926.0,914.0,758.0,670.0,700.0,588.0,418.0
GCfix_010341,710,950,982.0,1104.0,1122.0,850.0,820.0,958.0,750.0,652.0
GCfix_007492,710,738,762.0,852.0,898.0,654.0,668.0,662.0,676.0,380.0
GCfix_011533,712,816,746.0,838.0,732.0,626.0,530.0,548.0,478.0,320.0
GCfix_001298,710,676,706.0,822.0,710.0,550.0,578.0,564.0,460.0,326.0
GCfix_000614,706,800,758.0,822.0,852.0,778.0,614.0,682.0,544.0,398.0
GCall_001167,706,744,758.0,906.0,902.0,818.0,756.0,808.0,782.0,568.0
GCfix_002912,706,772,812.0,898.0,936.0,634.0,682.0,634.0,614.0,436.0
GCall_005771,710,734,720.0,810.0,774.0,596.0,608.0,582.0,404.0,284.0
GCall_001878,706,734,810.0,800.0,800.0,614.0,570.0,546.0,502.0,328.0
GCall_000860,706,812,724.0,918.0,766.0,630.0,624.0,568.0,538.0,370.0
GCfix_006512,702,730,834.0,944.0,860.0,776.0,624.0,728.0,558.0,378.0
GCall_010349,702,772,892.0,1078.0,926.0,782.0,708.0,732.0,654.0,474.0
GCall_004773,706,832,838.0,946.0,862.0,738.0,540.0,632.0,512.0,400.0
GCfix_009581,702,724,746.0,898.0,848.0,716.0,664.0,714.0,654.0,492.0
GCall_008190,700,812,806.0,940.0,902.0,784.0,674.0,726.0,592.0,424.0
GCfix_009205,704,852,802.0,968.0,770.0,668.0,562.0,636.0,526.0,332.0
GCfix_007733,700,744,760.0,886.0,894.0,720.0,656.0,712.0,642.0,460.0
GCfix_003565,700,786,814.0,970.0,910.0,674.0,700.0,628.0,552.0,356.0
GCall_002499,700,760,598.0,724.0,622.0,588.0,446.0,464.0,354.0,236.0
GCall_004897,700,858,858.0,1000.0,992.0,828.0,788.0,940.0,870.0,628.0
GCfix_002105,698,698,704.0,736.0,754.0,594.0,526.0,528.0,480.0,311.0
GCall_006262,700,896,888.0,1016.0,1062.0,938.0,884.0,930.0,818.0,604.0
GCfix_006258,696,750,804.0,958.0,856.0,882.0,746.0,842.0,788.0,614.0
GCfix_002813,694,760,838.0,1046.0,1004.0,1016.0,876.0,906.0,906.0,708.0
GCall_010158,694,792,676.0,856.0,698.0,602.0,554.0,554.0,512.0,332.0
GCall_006279,694,704,662.0,858.0,768.0,648.0,514.0,546.0,462.0,290.0
GCall_006666,694,420,272.0,164.0,104.0,58.0,38.0,22.0,24.0,18.0
GCall_004019,692,790,846.0,1124.0,1048.0,894.0,872.0,982.0,860.0,652.0
GCfix_006967,692,750,774.0,780.0,728.0,686.0,482.0,524.0,526.0,378.0
GCfix_006490,694,746,768.0,798.0,750.0,630.0,542.0,544.0,554.0,328.0
GCfix_004928,690,801,692.0,842.0,852.0,656.0,528.0,676.0,522.0,374.0
GCfix_003530,688,824,658.0,828.0,670.0,526.0,436.0,404.0,372.0,202.0
GCall_002924,690,782,784.0,878.0,902.0,744.0,706.0,734.0,690.0,440.0
GCfix_009472,690,826,800.0,988.0,966.0,800.0,720.0,706.0,656.0,456.0
GCfix_010596,688,768,760.0,938.0,1014.0,808.0,746.0,828.0,768.0,564.0
GCfix_003995,688,750,788.0,840.0,862.0,656.0,656.0,678.0,592.0,426.0
GCfix_001628,686,710,828.0,958.0,1022.0,920.0,838.0,968.0,852.0,602.0
GCfix_010986,690,840,672.0,788.0,790.0,600.0,524.0,532.0,508.0,308.0
GCall_004840,690,697,588.0,712.0,662.0,526.0,470.0,440.0,366.0,304.0
GCall_011180,690,754,778.0,822.0,724.0,614.0,510.0,572.0,466.0,298.0
GCfix_011827,682,802,882.0,1018.0,1064.0,1096.0,972.0,1158.0,1182.0,774.0
GCfix_010086,684,768,774.0,922.0,880.0,732.0,646.0,674.0,676.0,498.0
GCfix_007286,688,718,668.0,730.0,576.0,490.0,456.0,438.0,392.0,268.0
GCfix_005217,684,346,212.0,147.0,92.0,50.0,32.0,34.0,22.0,18.0
GCall_006000,682,892,734.0,818.0,828.0,684.0,618.0,594.0,442.0,314.0
GCfix_009875,682,722,800.0,902.0,824.0,762.0,638.0,718.0,644.0,424.0
GCall_004867,682,791,736.0,914.0,854.0,718.0,704.0,864.0,692.0,506.0
GCall_003884,686,838,958.0,1090.0,1208.0,960.0,972.0,1056.0,932.0,766.0
GCfix_001855,686,680,646.0,662.0,560.0,436.0,368.0,348.0,262.0,192.0
GCall_010027,684,786,882.0,1106.0,1172.0,1240.0,1228.0,1334.0,1432.0,1012.0
GCall_008247,684,834,986.0,1130.0,1184.0,1126.0,996.0,1196.0,1118.0,934.0
GCall_004125,680,698,651.0,764.0,670.0,594.0,504.0,482.0,398.0,284.0
GCall_001472,680,748,852.0,1026.0,958.0,816.0,788.0,850.0,748.0,572.0
GCfix_009153,680,718,730.0,778.0,718.0,628.0,564.0,624.0,520.0,378.0
GCfix_007034,674,634,700.0,798.0,710.0,588.0,514.0,582.0,456.0,316.0
GCall_008070,674,872,976.0,1142.0,1370.0,1144.0,1154.0,1484.0,1548.0,1038.0
GCall_002094,680,716,685.0,734.0,656.0,548.0,462.0,500.0,416.0,286.0
GCfix_007895,676,676,616.0,714.0,600.0,404.0,384.0,328.0,218.0,190.0
GCall_011315,676,710,858.0,876.0,752.0,656.0,554.0,576.0,490.0,388.0
GCall_006502,676,744,776.0,918.0,1036.0,924.0,996.0,1048.0,1126.0,682.0
GCall_005676,680,706,776.0,904.0,778.0,656.0,526.0,586.0,484.0,364.0
GCall_005538,676,784,752.0,820.0,750.0,613.0,498.0,470.0,420.0,260.0
GCall_004953,674,744,854.0,936.0,888.0,768.0,684.0,780.0,640.0,518.0
GCfix_006160,672,770,730.0,1048.0,958.0,902.0,860.0,1030.0,926.0,698.0
GCall_009466,678,554,444.0,334.0,308.0,170.0,98.0,104.0,68.0,48.0
GCall_004576,674,740,720.0,780.0,732.0,674.0,554.0,562.0,464.0,346.0
GCfix_004470,676,816,808.0,934.0,864.0,790.0,684.0,800.0,630.0,480.0
GCfix_006950,672,610,544.0,626.0,436.0,306.0,284.0,240.0,210.0,122.0
GCfix_007750,672,768,826.0,1006.0,1124.0,1094.0,972.0,1218.0,1104.0,846.0
GCfix_006254,666,774,664.0,754.0,718.0,556.0,506.0,514.0,452.0,298.0
GCfix_011443,668,828,862.0,1038.0,990.0,850.0,702.0,734.0,680.0,472.0
GCall_004037,668,690,668.0,678.0,638.0,484.0,494.0,436.0,436.0,260.0
GCfix_011351,670,796,706.0,826.0,784.0,634.0,480.0,604.0,460.0,316.0
GCfix_001486,672,742,692.0,840.0,818.0,580.0,580.0,600.0,508.0,358.0
GCfix_011094,668,736,816.0,994.0,1024.0,962.0,920.0,1116.0,852.0,662.0
GCfix_007744,664,752,740.0,854.0,754.0,640.0,524.0,540.0,488.0,334.0
GCall_009600,662,764,722.0,752.0,594.0,514.0,406.0,402.0,420.0,266.0
GCall_008912,662,790,864.0,940.0,1008.0,834.0,768.0,896.0,760.0,580.0
GCall_004960,664,818,843.0,896.0,968.0,756.0,662.0,724.0,698.0,514.0
GCall_003916,666,718,722.0,808.0,826.0,604.0,550.0,528.0,456.0,312.0
GCfix_002804,660,876,908.0,1078.0,1220.0,1048.0,974.0,1102.0,1062.0,738.0
GCall_010314,664,758,834.0,950.0,1078.0,784.0,822.0,916.0,818.0,612.0
GCfix_000672,662,778,780.0,856.0,832.0,712.0,648.0,664.0,540.0,404.0
GCall_003696,662,798,760.0,812.0,808.0,636.0,532.0,478.0,470.0,316.0
GCfix_010983,658,840,906.0,1120.0,1128.0,978.0,1030.0,1180.0,1076.0,730.0
GCfix_002162,658,748,746.0,914.0,840.0,620.0,680.0,580.0,540.0,396.0
GCall_006055,658,712,642.0,698.0,648.0,510.0,416.0,454.0,334.0,264.0
GCfix_008712,658,724,734.0,710.0,644.0,576.0,518.0,596.0,536.0,398.0
GCfix_004825,658,806,850.0,944.0,824.0,718.0,616.0,576.0,536.0,366.0
GCall_011201,660,624,718.0,768.0,846.0,560.0,636.0,690.0,600.0,426.0
GCall_004436,656,774,836.0,1008.0,1056.0,878.0,794.0,898.0,1042.0,702.0
GCall_000431,656,250,94.0,48.0,12.0,16.0,18.0,6.0,6.0,4.0
GCfix_010500,656,656,634.0,698.0,658.0,558.0,522.0,464.0,408.0,318.0
GCall_009881,652,652,612.0,574.0,518.0,440.0,344.0,318.0,254.0,150.0
GCall_003038,662,788,728.0,876.0,836.0,704.0,594.0,620.0,566.0,418.0
GCfix_000633,654,674,662.0,706.0,608.0,488.0,408.0,466.0,402.0,290.0
GCfix_010893,658,812,1000.0,1152.0,1190.0,1126.0,988.0,1072.0,1150.0,756.0
GCfix_007049,654,896,830.0,992.0,904.0,782.0,726.0,874.0,722.0,504.0
GCfix_004079,652,700,640.0,722.0,676.0,468.0,536.0,520.0,388.0,272.0
GCfix_001380,652,676,638.0,754.0,622.0,518.0,396.0,482.0,338.0,296.0
GCall_011471,654,756,710.0,816.0,744.0,660.0,572.0,626.0,498.0,358.0
GCall_005126,652,750,746.0,848.0,730.0,650.0,534.0,524.0,532.0,354.0
GCfix_007861,654,530,428.0,358.0,228.0,130.0,104.0,86.0,54.0,40.0
GCfix_007755,652,684,712.0,702.0,802.0,618.0,508.0,476.0,424.0,290.0
GCall_005872,652,742,900.0,920.0,976.0,830.0,800.0,976.0,936.0,670.0
GCall_005457,650,246,70.0,44.0,30.0,8.0,8.0,6.0,8.0,4.0
GCfix_008180,646,778,770.0,784.0,784.0,648.0,502.0,624.0,494.0,316.0
GCfix_007692,648,622,662.0,784.0,798.0,584.0,578.0,632.0,522.0,380.0
GCall_000675,652,784,648.0,666.0,568.0,466.0,372.0,298.0,254.0,168.0
GCfix_001327,648,358,126.0,110.0,62.0,22.0,20.0,6.0,8.0,14.0
GCall_004442,648,634,744.0,940.0,1082.0,872.0,854.0,974.0,956.0,756.0
GCfix_006640,650,258,96.0,46.0,8.0,12.0,14.0,6.0,12.0,14.0
GCfix_003237,646,760,786.0,778.0,744.0,618.0,528.0,532.0,486.0,336.0
GCall_002196,646,622,632.0,770.0,636.0,548.0,398.0,432.0,408.0,282.0
GCfix_010598,646,820,860.0,946.0,912.0,748.0,712.0,692.0,618.0,454.0
GCfix_006220,644,748,788.0,940.0,946.0,890.0,836.0,972.0,874.0,658.0
GCfix_004391,652,808,858.0,1128.0,1136.0,920.0,986.0,1072.0,932.0,712.0
GCall_010490,642,260,112.0,70.0,32.0,30.0,24.0,6.0,16.0,6.0
GCfix_009000,644,658,574.0,610.0,572.0,424.0,380.0,338.0,354.0,210.0
GCfix_001044,646,156,70.0,50.0,18.0,12.0,10.0,12.0,2.0,8.0
GCall_000459,642,740,772.0,850.0,802.0,686.0,610.0,538.0,546.0,374.0
GCfix_005371,644,714,714.0,854.0,758.0,638.0,604.0,690.0,582.0,394.0
GCfix_005060,644,830,837.0,976.0,1096.0,970.0,1046.0,964.0,1072.0,700.0
GCall_010123,646,870,899.0,1100.0,1056.0,946.0,1024.0,1230.0,1082.0,770.0
GCfix_003433,642,684,662.0,814.0,670.0,554.0,378.0,422.0,420.0,282.0
GCall_010142,642,728,744.0,992.0,1084.0,924.0,1068.0,1090.0,1084.0,804.0
GCall_010012,642,698,698.0,706.0,706.0,540.0,456.0,452.0,502.0,294.0
GCall_003050,642,784,782.0,1016.0,1010.0,872.0,728.0,842.0,846.0,586.0
GCfix_002883,640,746,858.0,936.0,1084.0,1040.0,1006.0,1104.0,1118.0,880.0
GCfix_009343,640,726,808.0,958.0,1008.0,898.0,836.0,860.0,886.0,716.0
GCfix_007545,638,692,594.0,700.0,610.0,490.0,432.0,442.0,380.0,288.0
GCfix_003384,636,748,666.0,846.0,786.0,580.0,590.0,610.0,554.0,428.0
GCall_004726,638,676,668.0,742.0,682.0,562.0,476.0,542.0,450.0,308.0
GCall_001525,636,764,746.0,882.0,802.0,708.0,500.0,462.0,438.0,336.0
GCfix_008919,634,736,826.0,940.0,940.0,902.0,858.0,916.0,954.0,694.0
GCfix_009792,634,700,740.0,828.0,738.0,624.0,616.0,626.0,518.0,356.0
GCfix_005555,638,750,804.0,984.0,1028.0,962.0,876.0,928.0,948.0,630.0
GCfix_004146,632,678,718.0,846.0,944.0,840.0,766.0,916.0,834.0,554.0
GCfix_002416,636,396,236.0,196.0,98.0,58.0,44.0,44.0,26.0,20.0
GCfix_001892,632,768,758.0,884.0,846.0,760.0,834.0,874.0,844.0,594.0
GCall_011151,636,722,734.0,876.0,724.0,646.0,556.0,516.0,446.0,322.0
GCall_006257,632,636,720.0,942.0,846.0,724.0,724.0,614.0,630.0,460.0
GCall_002135,632,586,602.0,716.0,572.0,476.0,418.0,414.0,340.0,292.0
GCfix_011884,632,708,800.0,928.0,912.0,812.0,750.0,806.0,820.0,544.0
GCfix_002677,630,706,692.0,920.0,956.0,780.0,770.0,888.0,844.0,620.0
GCall_000608,632,632,666.0,810.0,768.0,576.0,516.0,482.0,468.0,314.0
GCfix_011331,636,826,858.0,1042.0,1042.0,936.0,918.0,996.0,1010.0,710.0
GCfix_009103,634,828,796.0,1072.0,1154.0,946.0,916.0,1118.0,1072.0,722.0
GCfix_009039,626,202,68.0,56.0,18.0,26.0,16.0,12.0,10.0,8.0
GCfix_006285,630,918,848.0,990.0,1130.0,928.0,834.0,902.0,862.0,598.0
GCall_008607,626,634,634.0,722.0,600.0,568.0,452.0,472.0,412.0,274.0
GCall_003487,630,702,660.0,734.0,682.0,510.0,450.0,470.0,372.0,262.0
GCfix_010239,630,622,582.0,686.0,560.0,390.0,260.0,276.0,206.0,150.0
GCfix_003910,628,642,650.0,706.0,666.0,530.0,552.0,602.0,460.0,398.0
GCfix_001594,626,650,732.0,682.0,580.0,534.0,494.0,498.0,360.0,252.0
GCfix_010314,624,662,704.0,718.0,676.0,464.0,524.0,518.0,434.0,262.0
GCfix_008163,628,802,734.0,734.0,698.0,584.0,476.0,470.0,470.0,314.0
GCfix_010331,626,654,696.0,826.0,804.0,622.0,534.0,592.0,504.0,322.0
GCall_004776,626,650,632.0,824.0,710.0,556.0,564.0,456.0,474.0,272.0
GCall_008358,624,598,702.0,782.0,800.0,662.0,572.0,646.0,648.0,510.0
GCall_007067,620,688,632.0,770.0,736.0,562.0,516.0,550.0,386.0,286.0
GCall_004788,622,764,862.0,1122.0,1182.0,1214.0,1156.0,1390.0,1440.0,1022.0
GCfix_009734,622,712,759.0,904.0,1004.0,846.0,900.0,1054.0,950.0,656.0
GCfix_005310,620,698,832.0,906.0,994.0,908.0,888.0,1064.0,926.0,620.0
GCall_010726,624,640,494.0,524.0,400.0,312.0,224.0,170.0,156.0,78.0
GCall_008719,620,640,678.0,742.0,686.0,576.0,480.0,500.0,436.0,318.0
GCfix_005235,620,738,752.0,928.0,918.0,754.0,688.0,776.0,696.0,528.0
GCfix_001630,618,642,554.0,688.0,668.0,544.0,470.0,452.0,364.0,250.0
GCall_009124,618,742,802.0,968.0,962.0,878.0,920.0,1130.0,1094.0,828.0
GCall_007615,620,874,774.0,918.0,870.0,736.0,728.0,766.0,618.0,488.0
GCall_005460,620,746,794.0,948.0,888.0,858.0,800.0,838.0,864.0,520.0
GCfix_008339,616,494,242.0,160.0,124.0,44.0,50.0,32.0,16.0,14.0
GCfix_003906,616,720,764.0,760.0,762.0,570.0,544.0,558.0,464.0,322.0
GCall_002013,618,656,638.0,760.0,694.0,610.0,562.0,590.0,526.0,378.0
GCfix_008370,616,670,770.0,926.0,940.0,794.0,700.0,842.0,846.0,592.0
GCfix_007138,618,732,748.0,894.0,800.0,784.0,666.0,776.0,692.0,506.0
GCfix_006517,616,640,738.0,820.0,852.0,708.0,572.0,670.0,672.0,410.0
GCall_004061,618,788,732.0,807.0,742.0,538.0,494.0,458.0,478.0,358.0
GCall_003379,618,706,702.0,812.0,734.0,588.0,564.0,564.0,480.0,338.0
GCall_002565,616,340,152.0,78.0,42.0,24.0,6.0,22.0,14.0,8.0
GCall_002343,620,764,658.0,744.0,618.0,416.0,440.0,446.0,314.0,178.0
GCfix_010076,618,352,260.0,148.0,86.0,36.0,18.0,20.0,16.0,14.0
GCall_008650,616,624,666.0,808.0,682.0,527.0,436.0,454.0,418.0,288.0
GCfix_008874,614,844,868.0,1078.0,1166.0,1108.0,1098.0,1218.0,1204.0,934.0
GCfix_007349,614,720,670.0,976.0,1018.0,902.0,922.0,998.0,954.0,772.0
GCfix_002595,616,676,666.0,804.0,658.0,642.0,492.0,518.0,604.0,320.0
GCall_005469,618,738,786.0,914.0,848.0,756.0,712.0,802.0,724.0,544.0
GCfix_009292,614,674,686.0,762.0,740.0,642.0,558.0,478.0,488.0,340.0
GCfix_005482,616,312,140.0,78.0,56.0,40.0,20.0,24.0,18.0,8.0
GCfix_001025,620,356,218.0,150.0,94.0,70.0,46.0,34.0,22.0,28.0
GCall_005641,612,152,50.0,24.0,8.0,22.0,4.0,20.0,6.0,2.0
GCall_005335,614,188,64.0,36.0,26.0,10.0,12.0,18.0,16.0,6.0
GCfix_009936,610,698,756.0,896.0,934.0,792.0,820.0,832.0,814.0,582.0
GCfix_008718,614,646,592.0,630.0,718.0,532.0,508.0,564.0,500.0,282.0
GCfix_007366,614,364,258.0,176.0,142.0,86.0,70.0,46.0,20.0,22.0
GCall_003002,610,806,816.0,964.0,1006.0,822.0,910.0,888.0,878.0,648.0
GCall_001972,612,408,254.0,164.0,108.0,58.0,36.0,10.0,16.0,4.0
GCfix_011050,608,722,746.0,840.0,758.0,642.0,524.0,666.0,428.0,328.0
GCfix_005569,612,736,806.0,1084.0,1030.0,950.0,898.0,1020.0,930.0,708.0
GCfix_001910,614,769,894.0,1054.0,1062.0,824.0,868.0,948.0,990.0,666.0
GCall_010222,610,186,58.0,20.0,20.0,10.0,4.0,6.0,14.0,6.0
GCall_009362,611,284,88.0,52.0,28.0,14.0,14.0,10.0,16.0,6.0
GCfix_009515,610,308,138.0,102.0,54.0,32.0,20.0,22.0,10.0,11.0
GCfix_007239,608,704,620.0,774.0,696.0,594.0,526.0,520.0,430.0,260.0
GCall_003996,612,684,818.0,806.0,898.0,792.0,752.0,756.0,788.0,536.0
GCfix_003832,608,714,650.0,790.0,750.0,620.0,522.0,630.0,514.0,348.0
GCall_008368,616,664,682.0,856.0,772.0,734.0,648.0,782.0,700.0,536.0
GCall_001158,610,238,88.0,52.0,46.0,22.0,12.0,16.0,12.0,4.0
GCfix_011225,608,700,708.0,842.0,778.0,598.0,604.0,610.0,626.0,334.0
GCfix_003501,610,634,706.0,802.0,742.0,616.0,632.0,590.0,615.0,436.0
GCall_006853,608,714,782.0,938.0,1018.0,804.0,838.0,942.0,800.0,562.0
GCall_000727,612,366,182.0,162.0,84.0,74.0,34.0,34.0,16.0,10.0
GCfix_011247,604,654,694.0,768.0,794.0,634.0,642.0,664.0,522.0,370.0
GCfix_000287,608,716,664.0,934.0,914.0,820.0,816.0,838.0,872.0,486.0
GCall_011608,606,698,870.0,940.0,1022.0,936.0,920.0,1050.0,1028.0,743.0
GCall_010527,606,638,616.0,710.0,596.0,450.0,394.0,364.0,406.0,210.0
GCall_009919,606,670,776.0,1026.0,1006.0,1036.0,958.0,1146.0,1096.0,758.0
GCall_009628,608,696,726.0,960.0,952.0,884.0,828.0,938.0,840.0,704.0
GCall_008840,612,702,590.0,616.0,594.0,480.0,482.0,454.0,426.0,264.0
GCall_006861,608,754,690.0,834.0,734.0,618.0,548.0,568.0,524.0,362.0
GCall_005204,606,714,722.0,810.0,908.0,814.0,742.0,876.0,922.0,536.0
GCall_001046,606,782,780.0,802.0,744.0,522.0,464.0,520.0,400.0,246.0
GCfix_007482,608,628,630.0,790.0,692.0,516.0,476.0,552.0,492.0,356.0
GCall_009688,608,612,620.0,686.0,620.0,462.0,420.0,434.0,356.0,284.0
GCall_007257,604,610,544.0,628.0,606.0,462.0,386.0,412.0,316.0,174.0
GCall_007045,606,706,680.0,890.0,792.0,638.0,670.0,734.0,640.0,402.0
GCfix_009101,604,86,14.0,2.0,14.0,4.0,6.0,2.0,2.0,4.0
GCall_005896,606,338,172.0,134.0,74.0,34.0,30.0,24.0,16.0,2.0
GCfix_007241,604,316,170.0,144.0,84.0,60.0,42.0,20.0,8.0,8.0
GCfix_006032,604,224,88.0,42.0,38.0,6.0,16.0,18.0,6.0,6.0
GCfix_003377,600,630,678.0,830.0,762.0,720.0,732.0,674.0,654.0,518.0
GCall_007497,612,682,682.0,692.0,696.0,556.0,470.0,490.0,498.0,308.0
GCall_001380,604,214,80.0,54.0,32.0,34.0,10.0,12.0,4.0,8.0
GCall_011924,602,694,828.0,804.0,898.0,702.0,656.0,752.0,742.0,540.0
GCall_007113,602,718,690.0,864.0,750.0,694.0,662.0,692.0,648.0,426.0
GCall_005056,604,702,852.0,1058.0,1030.0,942.0,930.0,1054.0,1076.0,842.0
GCall_001634,600,764,844.0,1026.0,1142.0,1198.0,1116.0,1378.0,1244.0,902.0
GCall_000558,600,312,174.0,140.0,48.0,46.0,14.0,20.0,20.0,10.0
GCfix_010226,602,250,136.0,56.0,30.0,4.0,12.0,14.0,12.0,6.0
GCfix_005857,598,714,844.0,858.0,945.0,838.0,870.0,950.0,928.0,618.0
GCfix_004762,598,684,702.0,872.0,742.0,702.0,658.0,732.0,626.0,472.0
GCfix_004297,598,696,608.0,870.0,788.0,754.0,632.0,714.0,754.0,482.0
GCall_001433,598,714,650.0,730.0,660.0,510.0,496.0,526.0,496.0,344.0
GCfix_008799,598,748,652.0,700.0,592.0,448.0,392.0,378.0,324.0,206.0
GCfix_011770,598,648,612.0,648.0,634.0,524.0,451.0,406.0,342.0,268.0
GCfix_008205,598,594,600.0,624.0,578.0,412.0,460.0,370.0,366.0,176.0
GCfix_002038,600,744,860.0,990.0,1136.0,990.0,1026.0,1190.0,1190.0,864.0
GCall_011889,598,710,638.0,744.0,732.0,670.0,532.0,494.0,570.0,356.0
GCall_006870,606,732,808.0,988.0,1098.0,936.0,946.0,1132.0,1154.0,912.0
GCfix_006706,598,704,722.0,1000.0,910.0,794.0,874.0,998.0,952.0,668.0
GCall_009169,600,594,606.0,562.0,524.0,476.0,428.0,448.0,358.0,208.0
GCfix_005505,592,650,688.0,872.0,932.0,752.0,742.0,772.0,786.0,522.0
GCfix_004611,594,668,724.0,832.0,924.0,778.0,790.0,948.0,906.0,620.0
GCall_003902,592,776,736.0,774.0,736.0,586.0,530.0,564.0,468.0,368.0
GCall_002482,594,750,664.0,932.0,910.0,816.0,716.0,818.0,760.0,490.0
GCall_000303,596,614,642.0,650.0,576.0,474.0,428.0,432.0,348.0,240.0
GCfix_010422,594,702,856.0,1060.0,1146.0,1048.0,1052.0,1206.0,1196.0,976.0
GCfix_008068,592,112,36.0,16.0,28.0,18.0,10.0,8.0,4.0,2.0
GCfix_003979,596,758,762.0,870.0,802.0,706.0,600.0,606.0,548.0,388.0
GCfix_006035,596,630,642.0,696.0,710.0,558.0,502.0,468.0,380.0,290.0
GCfix_005658,592,402,308.0,234.0,158.0,114.0,62.0,44.0,30.0,16.0
GCall_007207,592,650,698.0,834.0,896.0,820.0,842.0,868.0,824.0,654.0
GCfix_011464,594,750,794.0,862.0,830.0,688.0,590.0,748.0,620.0,498.0
GCfix_006001,594,642,660.0,652.0,590.0,500.0,404.0,376.0,274.0,188.0
GCfix_007281,592,208,58.0,44.0,24.0,14.0,16.0,18.0,6.0,6.0
GCfix_009899,590,666,708.0,814.0,910.0,800.0,740.0,864.0,770.0,556.0
GCall_010467,590,266,106.0,64.0,38.0,14.0,6.0,4.0,4.0,4.0
GCfix_007957,588,712,696.0,754.0,800.0,758.0,674.0,816.0,794.0,496.0
GCfix_002681,588,680,734.0,862.0,878.0,738.0,634.0,710.0,720.0,496.0
GCfix_000352,586,710,752.0,1010.0,858.0,790.0,774.0,752.0,698.0,510.0
GCall_011936,590,638,648.0,722.0,546.0,494.0,370.0,394.0,304.0,234.0
GCall_010100,588,624,486.0,656.0,542.0,420.0,362.0,364.0,312.0,161.0
GCall_003891,588,674,756.0,790.0,828.0,674.0,692.0,782.0,682.0,536.0
GCfix_010025,588,652,616.0,686.0,658.0,572.0,532.0,506.0,476.0,346.0
GCfix_009938,586,588,666.0,800.0,816.0,760.0,750.0,726.0,738.0,558.0
GCfix_008538,586,626,710.0,778.0,828.0,794.0,674.0,800.0,788.0,562.0
GCfix_006020,586,602,638.0,788.0,746.0,732.0,622.0,736.0,644.0,468.0
GCall_005495,586,498,384.0,398.0,286.0,194.0,146.0,152.0,106.0,70.0
GCall_003213,586,694,600.0,756.0,600.0,504.0,456.0,418.0,356.0,292.0
GCfix_006284,586,284,134.0,92.0,46.0,22.0,20.0,20.0,24.0,14.0
GCall_004876,582,630,576.0,752.0,654.0,562.0,524.0,558.0,530.0,358.0
GCall_001903,584,582,644.0,748.0,532.0,514.0,420.0,470.0,384.0,264.0
GCall_008616,584,578,506.0,590.0,402.0,306.0,240.0,234.0,174.0,132.0
GCall_008503,582,764,750.0,844.0,948.0,832.0,760.0,906.0,854.0,652.0
GCall_008285,582,560,612.0,712.0,800.0,546.0,532.0,540.0,498.0,358.0
GCfix_008301,586,134,38.0,44.0,26.0,18.0,20.0,30.0,24.0,18.0
GCfix_007821,586,338,198.0,132.0,96.0,48.0,20.0,18.0,18.0,10.0
GCfix_010019,580,300,196.0,98.0,36.0,22.0,10.0,4.0,10.0,2.0
GCfix_007613,586,770,684.0,796.0,800.0,710.0,728.0,686.0,614.0,448.0
GCfix_004977,580,448,276.0,192.0,130.0,62.0,46.0,40.0,12.0,12.0
GCfix_001552,582,644,648.0,856.0,758.0,712.0,650.0,616.0,536.0,366.0
GCfix_010190,578,322,184.0,92.0,48.0,46.0,14.0,6.0,14.0,12.0
GCall_008633,582,732,600.0,762.0,670.0,484.0,554.0,546.0,508.0,386.0
GCall_005748,578,778,722.0,930.0,1130.0,886.0,910.0,952.0,1034.0,788.0
GCfix_008258,578,604,604.0,620.0,652.0,538.0,380.0,448.0,342.0,260.0
GCfix_003779,578,620,628.0,690.0,644.0,508.0,416.0,422.0,416.0,260.0
GCall_011861,578,712,806.0,920.0,988.0,866.0,846.0,828.0,914.0,614.0
GCall_001851,580,774,788.0,1162.0,1214.0,1044.0,972.0,1192.0,1178.0,820.0
GCfix_001904,578,642,698.0,782.0,746.0,688.0,624.0,638.0,570.0,446.0
GCall_006718,578,594,670.0,794.0,734.0,628.0,642.0,582.0,546.0,444.0
GCall_001390,576,650,545.0,704.0,570.0,488.0,398.0,418.0,380.0,240.0
GCfix_009534,576,596,604.0,732.0,636.0,554.0,454.0,538.0,438.0,300.0
GCfix_004351,576,584,676.0,666.0,660.0,536.0,496.0,542.0,554.0,352.0
GCall_005749,582,746,756.0,898.0,1064.0,1086.0,1044.0,1168.0,1134.0,984.0
GCfix_011128,580,176,70.0,54.0,18.0,26.0,4.0,10.0,10.0,14.0
GCfix_003459,574,634,600.0,738.0,652.0,548.0,520.0,540.0,406.0,284.0
GCfix_001675,580,578,594.0,678.0,646.0,596.0,504.0,542.0,512.0,328.0
GCall_010153,578,570,600.0,640.0,572.0,470.0,338.0,298.0,252.0,182.0
GCall_003530,578,402,310.0,236.0,168.0,96.0,58.0,68.0,26.0,14.0
GCfix_007429,570,646,738.0,802.0,758.0,608.0,594.0,706.0,554.0,430.0
GCfix_001881,574,682,689.0,750.0,812.0,684.0,612.0,622.0,500.0,420.0
GCall_006897,572,632,676.0,766.0,852.0,702.0,676.0,766.0,742.0,428.0
GCfix_006841,574,574,648.0,710.0,668.0,574.0,546.0,552.0,490.0,328.0
GCall_004208,574,716,632.0,718.0,668.0,558.0,468.0,532.0,442.0,308.0
GCall_000173,580,680,788.0,884.0,872.0,722.0,698.0,714.0,672.0,448.0
GCfix_011715,570,650,836.0,1000.0,1028.0,896.0,1018.0,1140.0,1152.0,890.0
GCfix_003152,570,666,856.0,1108.0,1076.0,988.0,978.0,1188.0,1244.0,878.0
GCall_002628,570,722,754.0,916.0,882.0,898.0,830.0,960.0,858.0,718.0
GCall_001164,574,602,580.0,706.0,600.0,502.0,442.0,376.0,368.0,270.0
GCfix_007621,574,688,678.0,766.0,812.0,694.0,706.0,758.0,708.0,512.0
GCfix_007507,572,800,796.0,910.0,998.0,900.0,918.0,942.0,998.0,730.0
GCfix_001349,568,546,512.0,578.0,568.0,468.0,370.0,340.0,346.0,210.0
GCall_010902,570,826,686.0,950.0,972.0,848.0,868.0,906.0,928.0,618.0
GCall_004880,572,168,82.0,46.0,18.0,12.0,6.0,18.0,4.0,2.0
GCall_003345,574,672,610.0,854.0,840.0,820.0,738.0,792.0,712.0,558.0
GCfix_011878,568,644,716.0,858.0,876.0,842.0,776.0,928.0,784.0,592.0
GCall_011702,568,600,660.0,756.0,798.0,682.0,640.0,650.0,732.0,440.0
GCall_009055,570,698,660.0,810.0,766.0,618.0,488.0,596.0,578.0,428.0
GCall_006119,570,148,32.0,22.0,16.0,12.0,2.0,2.0,4.0,2.0
GCfix_006033,570,678,624.0,632.0,608.0,494.0,406.0,468.0,364.0,278.0
GCall_005303,568,632,614.0,718.0,636.0,680.0,628.0,532.0,454.0,358.0
GCall_005095,568,148,54.0,8.0,10.0,12.0,10.0,4.0,10.0,0.0
GCfix_011936,566,744,716.0,878.0,902.0,852.0,836.0,912.0,954.0,730.0
GCall_010506,566,734,780.0,946.0,926.0,832.0,956.0,1044.0,948.0,666.0
GCfix_008578,566,732,772.0,942.0,972.0,1008.0,798.0,902.0,858.0,650.0
GCfix_007505,564,776,756.0,946.0,844.0,768.0,754.0,674.0,704.0,476.0
GCfix_009017,564,596,686.0,722.0,598.0,532.0,494.0,466.0,436.0,262.0
GCall_008868,566,746,726.0,880.0,972.0,972.0,970.0,1020.0,1110.0,738.0
GCall_011713,564,696,838.0,858.0,958.0,822.0,794.0,964.0,848.0,648.0
GCall_006217,564,794,878.0,982.0,1114.0,984.0,892.0,1064.0,956.0,744.0
GCfix_007936,566,638,678.0,834.0,850.0,764.0,756.0,788.0,688.0,486.0
GCfix_005653,564,672,615.0,650.0,700.0,590.0,548.0,584.0,486.0,352.0
GCall_011899,562,656,722.0,792.0,748.0,680.0,608.0,628.0,574.0,406.0
GCall_006039,570,694,766.0,858.0,898.0,738.0,626.0,754.0,670.0,538.0
GCall_005327,562,686,692.0,800.0,690.0,534.0,546.0,572.0,486.0,376.0
GCfix_010586,560,600,594.0,802.0,834.0,664.0,702.0,702.0,600.0,500.0
GCall_008380,562,678,682.0,928.0,1016.0,904.0,876.0,1044.0,966.0,694.0
GCall_003168,562,400,336.0,266.0,172.0,130.0,70.0,56.0,70.0,34.0
GCfix_007047,560,632,694.0,776.0,818.0,822.0,630.0,780.0,758.0,526.0
GCall_003805,562,674,764.0,798.0,798.0,664.0,604.0,686.0,598.0,408.0
GCfix_002612,558,628,550.0,724.0,558.0,438.0,358.0,462.0,394.0,240.0
GCall_010748,558,814,782.0,990.0,990.0,896.0,954.0,1012.0,958.0,706.0
GCall_000021,562,682,674.0,762.0,696.0,576.0,598.0,610.0,650.0,430.0
GCfix_000485,558,570,508.0,624.0,572.0,456.0,430.0,438.0,352.0,262.0
GCall_010305,560,210,80.0,22.0,20.0,8.0,2.0,2.0,8.0,4.0
GCall_009244,558,680,648.0,826.0,708.0,710.0,562.0,494.0,402.0,324.0
GCall_007218,560,360,212.0,164.0,72.0,48.0,48.0,20.0,30.0,20.0
GCall_006949,560,592,572.0,668.0,578.0,486.0,418.0,436.0,360.0,250.0
GCfix_001746,562,712,692.0,700.0,666.0,572.0,518.0,468.0,476.0,286.0
GCfix_000986,558,466,532.0,470.0,368.0,344.0,240.0,242.0,174.0,122.0
GCall_010069,562,656,664.0,792.0,746.0,644.0,550.0,598.0,498.0,388.0
GCfix_002975,556,614,562.0,578.0,522.0,448.0,390.0,398.0,322.0,198.0
GCall_007925,558,744,736.0,836.0,900.0,834.0,722.0,872.0,790.0,522.0
GCall_006830,558,694,696.0,888.0,890.0,782.0,856.0,910.0,874.0,674.0
GCall_004934,558,432,330.0,342.0,190.0,100.0,80.0,62.0,48.0,22.0
GCfix_006872,558,498,574.0,682.0,650.0,600.0,544.0,548.0,474.0,366.0
GCfix_004183,556,682,784.0,920.0,970.0,902.0,956.0,1028.0,1034.0,780.0
GCfix_002652,558,680,772.0,918.0,918.0,828.0,844.0,868.0,854.0,638.0
GCfix_002088,552,624,714.0,958.0,966.0,960.0,898.0,908.0,1038.0,842.0
GCall_010387,554,658,819.0,840.0,744.0,722.0,718.0,880.0,720.0,596.0
GCall_009395,554,318,182.0,106.0,60.0,52.0,22.0,28.0,14.0,18.0
GCall_001837,554,522,470.0,436.0,364.0,278.0,154.0,148.0,92.0,66.0
GCfix_007726,552,762,596.0,774.0,638.0,502.0,478.0,480.0,398.0,216.0
GCfix_001936,554,608,594.0,776.0,760.0,660.0,636.0,714.0,580.0,424.0
GCfix_001010,554,626,682.0,742.0,714.0,624.0,636.0,632.0,620.0,412.0
GCall_011744,556,558,516.0,698.0,720.0,572.0,598.0,708.0,596.0,402.0
GCall_007142,550,632,544.0,594.0,504.0,440.0,368.0,432.0,372.0,218.0
GCall_002405,552,678,684.0,744.0,738.0,584.0,588.0,640.0,538.0,310.0
GCall_000208,552,646,822.0,954.0,1042.0,956.0,894.0,956.0,934.0,760.0
GCfix_005481,552,592,582.0,828.0,796.0,618.0,648.0,810.0,638.0,568.0
GCall_011851,552,530,564.0,640.0,598.0,518.0,496.0,480.0,362.0,320.0
GCall_002470,552,572,584.0,678.0,634.0,498.0,498.0,400.0,442.0,318.0
GCall_000282,550,794,806.0,960.0,890.0,742.0,702.0,798.0,840.0,550.0
GCfix_005829,552,614,572.0,624.0,657.0,522.0,548.0,470.0,446.0,360.0
GCall_004014,552,552,616.0,726.0,606.0,560.0,462.0,466.0,416.0,322.0
GCall_001193,550,712,700.0,850.0,886.0,740.0,784.0,844.0,744.0,584.0
GCfix_007435,548,524,468.0,528.0,506.0,522.0,464.0,432.0,396.0,322.0
GCfix_006749,550,598,624.0,658.0,664.0,528.0,534.0,560.0,456.0,360.0
GCfix_002254,548,378,172.0,86.0,58.0,22.0,8.0,12.0,6.0,2.0
GCfix_001681,548,636,718.0,746.0,792.0,620.0,578.0,700.0,598.0,388.0
GCall_006349,548,604,606.0,606.0,616.0,544.0,420.0,438.0,384.0,258.0
GCall_004501,552,152,56.0,24.0,30.0,10.0,16.0,16.0,6.0,4.0
GCfix_005405,548,756,790.0,964.0,1090.0,1010.0,982.0,1126.0,1132.0,852.0
GCfix_001586,548,656,800.0,920.0,1010.0,934.0,1000.0,1060.0,1068.0,804.0
GCall_011298,548,562,548.0,676.0,718.0,636.0,498.0,542.0,452.0,264.0
GCall_008713,554,478,352.0,356.0,282.0,194.0,142.0,150.0,98.0,70.0
GCall_000331,548,660,794.0,954.0,942.0,808.0,828.0,944.0,852.0,596.0
GCall_000198,552,68,14.0,14.0,6.0,4.0,2.0,4.0,2.0,2.0
GCfix_009466,550,714,620.0,664.0,684.0,438.0,358.0,374.0,362.0,198.0
GCfix_001845,548,280,174.0,88.0,38.0,26.0,18.0,14.0,6.0,2.0
GCall_009627,550,620,640.0,704.0,680.0,618.0,548.0,634.0,608.0,356.0
GCall_005062,550,720,704.0,880.0,1052.0,888.0,976.0,1006.0,1002.0,688.0
GCall_001646,550,536,464.0,556.0,456.0,386.0,292.0,298.0,278.0,202.0
GCfix_009199,548,722,676.0,794.0,796.0,650.0,668.0,664.0,554.0,442.0
GCfix_007942,544,650,688.0,702.0,712.0,552.0,436.0,506.0,436.0,308.0
GCfix_006716,550,394,338.0,214.0,182.0,110.0,78.0,64.0,56.0,18.0
GCfix_010300,544,202,96.0,64.0,32.0,10.0,30.0,6.0,8.0,6.0
GCfix_005295,544,518,342.0,310.0,248.0,158.0,104.0,138.0,86.0,38.0
GCfix_000386,546,160,34.0,24.0,20.0,8.0,16.0,2.0,12.0,0.0
GCall_007891,544,106,32.0,14.0,12.0,14.0,8.0,10.0,2.0,6.0
GCfix_007382,544,624,656.0,744.0,772.0,702.0,622.0,788.0,730.0,434.0
GCfix_003707,542,90,38.0,20.0,14.0,16.0,4.0,6.0,10.0,4.0
GCfix_001377,542,94,30.0,12.0,12.0,8.0,6.0,6.0,6.0,0.0
GCfix_000501,548,320,148.0,90.0,38.0,38.0,34.0,20.0,10.0,4.0
GCall_006461,542,600,656.0,898.0,882.0,810.0,866.0,850.0,842.0,626.0
GCall_003083,542,608,716.0,808.0,880.0,786.0,802.0,904.0,876.0,644.0
GCfix_007077,542,276,98.0,64.0,22.0,8.0,6.0,6.0,12.0,12.0
GCall_011987,544,140,44.0,24.0,14.0,22.0,12.0,16.0,10.0,6.0
GCall_008522,540,540,590.0,616.0,626.0,510.0,540.0,556.0,440.0,340.0
GCall_006793,542,114,64.0,24.0,12.0,16.0,4.0,14.0,18.0,4.0
GCall_003551,546,604,652.0,754.0,684.0,564.0,502.0,526.0,436.0,298.0
GCfix_002463,542,248,120.0,86.0,40.0,24.0,14.0,6.0,16.0,2.0
GCall_008253,540,324,278.0,244.0,146.0,72.0,76.0,48.0,30.0,28.0
GCall_008146,542,332,172.0,126.0,88.0,40.0,18.0,26.0,10.0,10.0
GCfix_010714,544,642,704.0,850.0,842.0,756.0,778.0,856.0,852.0,578.0
GCfix_004846,540,276,174.0,86.0,52.0,20.0,10.0,22.0,8.0,10.0
GCall_009888,540,554,572.0,650.0,640.0,454.0,386.0,414.0,372.0,260.0
GCall_007688,540,656,712.0,896.0,892.0,728.0,740.0,834.0,808.0,544.0
GCfix_000183,538,116,52.0,14.0,4.0,12.0,8.0,6.0,6.0,4.0
GCall_005273,544,722,710.0,836.0,890.0,738.0,714.0,744.0,650.0,474.0
GCall_004085,538,670,646.0,772.0,726.0,602.0,550.0,588.0,486.0,372.0
GCfix_010475,538,656,826.0,946.0,952.0,910.0,806.0,1024.0,976.0,746.0
GCfix_008612,540,406,318.0,272.0,174.0,142.0,60.0,52.0,32.0,24.0
GCfix_002692,542,524,514.0,552.0,454.0,384.0,290.0,314.0,274.0,170.0
GCfix_002268,538,238,90.0,70.0,50.0,12.0,20.0,16.0,4.0,6.0
GCfix_000833,538,632,628.0,822.0,832.0,748.0,684.0,754.0,764.0,542.0
GCall_003919,536,578,710.0,844.0,944.0,828.0,860.0,910.0,864.0,746.0
GCfix_008379,538,636,570.0,694.0,576.0,530.0,418.0,478.0,454.0,290.0
GCfix_008279,536,186,70.0,20.0,16.0,20.0,2.0,12.0,2.0,2.0
GCall_003354,538,646,674.0,784.0,736.0,586.0,566.0,626.0,584.0,484.0
GCfix_010907,536,356,224.0,220.0,128.0,56.0,66.0,52.0,24.0,14.0
GCfix_010820,536,618,624.0,844.0,710.0,504.0,622.0,564.0,562.0,386.0
GCfix_008792,536,548,342.0,282.0,204.0,106.0,106.0,82.0,42.0,26.0
GCfix_008218,538,686,738.0,846.0,940.0,806.0,794.0,984.0,926.0,582.0
GCfix_006164,536,544,468.0,578.0,526.0,382.0,334.0,352.0,242.0,206.0
GCall_010677,538,576,668.0,768.0,900.0,696.0,758.0,836.0,906.0,664.0
GCfix_009109,534,566,474.0,508.0,538.0,364.0,328.0,342.0,296.0,192.0
GCfix_008210,538,274,132.0,118.0,46.0,22.0,30.0,26.0,30.0,12.0
GCfix_003507,534,102,46.0,12.0,20.0,4.0,8.0,2.0,0.0,4.0
GCfix_008067,538,624,710.0,752.0,790.0,800.0,708.0,746.0,598.0,458.0
GCfix_006691,536,396,290.0,244.0,122.0,84.0,38.0,50.0,26.0,16.0
GCfix_005933,536,748,756.0,924.0,958.0,806.0,876.0,990.0,978.0,710.0
GCfix_002881,534,620,600.0,688.0,556.0,542.0,488.0,458.0,372.0,256.0
GCall_008236,532,590,654.0,920.0,946.0,922.0,888.0,950.0,902.0,682.0
GCall_003574,532,666,682.0,832.0,928.0,776.0,776.0,930.0,874.0,678.0
GCfix_007615,530,570,548.0,646.0,582.0,560.0,420.0,438.0,394.0,260.0
GCall_011452,534,622,598.0,758.0,704.0,644.0,716.0,686.0,788.0,574.0
GCall_008965,532,542,658.0,784.0,738.0,668.0,694.0,716.0,690.0,440.0
GCall_008824,532,250,116.0,54.0,38.0,14.0,18.0,12.0,8.0,2.0
GCall_003881,532,464,306.0,188.0,120.0,86.0,58.0,48.0,22.0,22.0
GCall_000610,534,618,672.0,736.0,728.0,612.0,568.0,658.0,594.0,382.0
GCfix_005163,530,516,612.0,826.0,816.0,747.0,730.0,790.0,870.0,630.0
GCfix_001195,534,680,642.0,698.0,686.0,574.0,474.0,474.0,442.0,324.0
GCall_010368,532,570,616.0,810.0,734.0,752.0,664.0,864.0,734.0,558.0
GCfix_011817,530,582,630.0,668.0,610.0,500.0,486.0,550.0,500.0,342.0
GCall_002328,530,668,742.0,842.0,950.0,754.0,702.0,820.0,868.0,560.0
GCall_001493,532,686,662.0,702.0,698.0,634.0,552.0,566.0,496.0,372.0
GCfix_010325,532,106,54.0,42.0,18.0,8.0,6.0,10.0,16.0,4.0
GCall_006679,528,266,144.0,82.0,44.0,18.0,26.0,16.0,12.0,8.0
GCfix_011891,528,648,686.0,816.0,794.0,718.0,678.0,848.0,752.0,586.0
GCfix_008544,530,302,210.0,116.0,90.0,32.0,42.0,36.0,36.0,26.0
GCfix_009699,528,166,82.0,42.0,20.0,6.0,8.0,10.0,4.0,6.0
GCfix_002479,528,584,582.0,606.0,640.0,522.0,436.0,488.0,407.0,300.0
GCfix_001523,526,318,156.0,120.0,78.0,44.0,24.0,30.0,22.0,0.0
GCall_010777,528,664,630.0,730.0,744.0,654.0,720.0,730.0,684.0,486.0
GCall_006778,532,350,208.0,180.0,124.0,76.0,36.0,30.0,22.0,10.0
GCall_005098,530,454,408.0,388.0,290.0,224.0,168.0,174.0,92.0,56.0
GCfix_009200,530,316,234.0,160.0,106.0,80.0,50.0,38.0,36.0,20.0
GCfix_001825,526,646,618.0,588.0,640.0,454.0,496.0,488.0,468.0,254.0
GCall_010169,526,738,790.0,890.0,980.0,836.0,906.0,962.0,934.0,682.0
GCall_003473,528,630,694.0,756.0,840.0,684.0,676.0,806.0,650.0,538.0
GCall_000439,530,696,748.0,906.0,954.0,956.0,946.0,1082.0,1136.0,818.0
GCfix_006194,524,530,576.0,692.0,716.0,584.0,620.0,640.0,644.0,482.0
GCfix_004724,530,636,564.0,688.0,572.0,462.0,418.0,402.0,338.0,298.0
GCfix_002058,524,680,706.0,748.0,902.0,778.0,806.0,830.0,832.0,480.0
GCfix_000668,530,710,765.0,922.0,964.0,880.0,882.0,1076.0,950.0,718.0
GCfix_000122,524,668,594.0,670.0,558.0,456.0,386.0,418.0,400.0,292.0
GCfix_006854,528,636,604.0,626.0,558.0,532.0,372.0,404.0,394.0,270.0
GCall_010616,524,596,550.0,566.0,482.0,410.0,322.0,366.0,328.0,190.0
GCall_005933,524,606,636.0,810.0,884.0,832.0,758.0,906.0,826.0,734.0
GCall_005618,528,298,162.0,90.0,32.0,24.0,8.0,14.0,14.0,4.0
GCall_002957,528,350,240.0,144.0,76.0,42.0,48.0,34.0,18.0,16.0
GCfix_009277,522,674,602.0,776.0,668.0,552.0,448.0,486.0,426.0,280.0
GCfix_006994,522,94,24.0,16.0,10.0,6.0,2.0,4.0,2.0,2.0
GCfix_000026,528,212,90.0,44.0,28.0,4.0,12.0,4.0,2.0,6.0
GCall_005623,524,402,400.0,312.0,198.0,122.0,112.0,102.0,42.0,26.0
GCall_001919,522,692,782.0,910.0,884.0,776.0,850.0,896.0,932.0,630.0
GCall_001761,520,498,460.0,470.0,416.0,244.0,230.0,222.0,196.0,142.0
GCfix_008380,522,630,488.0,670.0,598.0,494.0,444.0,514.0,404.0,328.0
GCall_011248,520,650,564.0,624.0,650.0,526.0,528.0,410.0,412.0,286.0
GCall_005302,522,532,526.0,524.0,410.0,328.0,282.0,326.0,270.0,180.0
GCfix_005618,520,552,408.0,280.0,186.0,126.0,86.0,62.0,46.0,24.0
GCall_011186,520,600,608.0,812.0,842.0,712.0,658.0,794.0,746.0,578.0
GCall_005365,524,420,382.0,364.0,240.0,158.0,156.0,122.0,94.0,66.0
GCall_002345,520,230,110.0,60.0,42.0,18.0,10.0,4.0,8.0,8.0
GCfix_009378,522,636,712.0,950.0,806.0,706.0,700.0,802.0,774.0,550.0
GCfix_009409,520,496,344.0,320.0,244.0,126.0,126.0,58.0,60.0,32.0
GCfix_004976,518,718,742.0,946.0,918.0,798.0,774.0,872.0,746.0,552.0
GCfix_004038,522,614,586.0,726.0,696.0,648.0,526.0,702.0,682.0,454.0
GCall_006565,520,608,658.0,676.0,698.0,562.0,528.0,504.0,456.0,342.0
GCfix_004562,520,618,662.0,772.0,832.0,820.0,716.0,822.0,770.0,536.0
GCfix_005488,516,334,142.0,118.0,60.0,40.0,18.0,10.0,18.0,6.0
GCfix_005179,514,588,632.0,744.0,800.0,814.0,872.0,820.0,832.0,606.0
GCfix_004719,516,688,746.0,772.0,758.0,764.0,716.0,866.0,752.0,534.0
GCfix_003449,514,104,16.0,18.0,8.0,10.0,4.0,4.0,2.0,2.0
GCall_010815,512,652,696.0,898.0,996.0,802.0,892.0,1016.0,976.0,738.0
GCall_009233,512,754,708.0,872.0,794.0,686.0,798.0,744.0,760.0,494.0
GCall_006378,518,742,830.0,1072.0,1078.0,1066.0,1046.0,1232.0,1202.0,892.0
GCfix_009278,512,158,94.0,30.0,38.0,14.0,8.0,6.0,20.0,20.0
GCfix_007078,514,358,230.0,130.0,64.0,34.0,12.0,12.0,2.0,4.0
GCall_011111,512,312,162.0,138.0,74.0,36.0,12.0,16.0,8.0,14.0
GCall_008351,512,594,560.0,654.0,594.0,536.0,378.0,464.0,380.0,286.0
GCall_009948,510,610,608.0,780.0,756.0,554.0,574.0,598.0,498.0,430.0
GCall_006561,510,352,222.0,180.0,104.0,64.0,34.0,36.0,30.0,12.0
GCfix_009494,508,616,634.0,828.0,750.0,658.0,606.0,830.0,686.0,476.0
GCall_007232,514,608,552.0,846.0,896.0,798.0,798.0,926.0,882.0,666.0
GCall_006291,508,288,148.0,144.0,62.0,50.0,18.0,16.0,12.0,18.0
GCfix_008415,506,574,510.0,520.0,432.0,336.0,268.0,212.0,206.0,82.0
GCfix_005996,508,552,578.0,698.0,680.0,536.0,476.0,490.0,452.0,334.0
GCall_009068,508,608,646.0,792.0,712.0,666.0,664.0,754.0,708.0,502.0
GCall_002500,508,196,86.0,58.0,28.0,16.0,10.0,16.0,2.0,6.0
GCfix_010952,504,236,64.0,42.0,32.0,16.0,6.0,12.0,14.0,14.0
GCfix_003977,504,394,246.0,178.0,136.0,58.0,42.0,40.0,20.0,10.0
GCall_006159,506,90,26.0,20.0,16.0,6.0,8.0,6.0,0.0,6.0
GCfix_010122,506,414,310.0,264.0,148.0,116.0,84.0,66.0,40.0,20.0
GCfix_009390,504,604,638.0,718.0,734.0,646.0,582.0,668.0,656.0,512.0
GCall_011761,504,460,420.0,332.0,302.0,236.0,172.0,112.0,112.0,44.0
GCfix_008132,506,616,688.0,772.0,800.0,772.0,690.0,776.0,748.0,532.0
GCfix_007042,508,678,660.0,824.0,778.0,751.0,688.0,844.0,780.0,554.0
GCfix_000328,506,546,516.0,620.0,514.0,492.0,378.0,390.0,396.0,276.0
GCall_005051,506,592,588.0,628.0,612.0,518.0,476.0,474.0,364.0,332.0
GCfix_009379,502,230,106.0,84.0,36.0,16.0,10.0,16.0,16.0,4.0
GCall_010229,504,256,92.0,74.0,44.0,10.0,18.0,12.0,14.0,8.0
GCall_009878,508,648,650.0,782.0,860.0,732.0,710.0,868.0,814.0,608.0
GCfix_008095,502,450,576.0,604.0,630.0,570.0,432.0,492.0,452.0,304.0
GCall_008336,502,660,618.0,850.0,968.0,726.0,778.0,889.0,870.0,630.0
GCall_000369,502,616,666.0,848.0,928.0,912.0,902.0,970.0,970.0,720.0
GCfix_007959,502,654,686.0,714.0,786.0,644.0,616.0,708.0,664.0,488.0
GCfix_006392,506,658,662.0,814.0,878.0,820.0,746.0,776.0,806.0,564.0
GCfix_006223,502,258,122.0,70.0,32.0,32.0,12.0,18.0,4.0,8.0
GCall_011934,502,572,638.0,808.0,770.0,688.0,636.0,632.0,614.0,427.0
GCall_006957,500,628,680.0,768.0,814.0,796.0,814.0,974.0,1050.0,768.0
GCfix_009840,500,534,546.0,628.0,622.0,526.0,514.0,526.0,468.0,302.0
GCall_009088,502,584,562.0,726.0,730.0,638.0,634.0,670.0,654.0,510.0
GCfix_007180,502,290,180.0,124.0,98.0,48.0,36.0,32.0,18.0,6.0
GCfix_000310,498,542,522.0,558.0,520.0,410.0,354.0,338.0,314.0,212.0
GCall_007808,498,576,616.0,682.0,766.0,644.0,614.0,660.0,642.0,490.0
GCfix_005219,500,540,559.0,638.0,717.0,640.0,532.0,596.0,486.0,320.0
GCfix_005031,498,570,616.0,760.0,742.0,590.0,656.0,622.0,668.0,448.0
GCfix_000982,496,396,254.0,182.0,164.0,68.0,48.0,52.0,50.0,34.0
GCall_002161,498,660,732.0,930.0,1108.0,848.0,962.0,1150.0,990.0,784.0
GCall_000900,500,542,552.0,552.0,524.0,424.0,380.0,310.0,328.0,188.0
GCfix_009922,496,380,162.0,90.0,60.0,24.0,12.0,12.0,6.0,0.0
GCall_007752,498,580,550.0,620.0,566.0,432.0,384.0,344.0,302.0,190.0
GCall_001408,494,342,216.0,210.0,92.0,48.0,52.0,20.0,26.0,22.0
GCfix_002364,496,310,138.0,84.0,56.0,22.0,14.0,10.0,10.0,16.0
GCfix_002314,496,332,176.0,144.0,114.0,44.0,60.0,56.0,32.0,16.0
GCfix_000077,494,584,672.0,884.0,988.0,912.0,910.0,1062.0,1036.0,760.0
GCall_010923,498,586,630.0,636.0,700.0,600.0,554.0,628.0,508.0,400.0
GCfix_007384,498,274,172.0,118.0,56.0,42.0,26.0,22.0,18.0,10.0
GCfix_000590,498,712,770.0,932.0,1010.0,1038.0,948.0,1158.0,1186.0,814.0
GCfix_000458,494,656,688.0,864.0,846.0,786.0,776.0,834.0,764.0,602.0
GCall_004601,496,670,730.0,822.0,968.0,842.0,814.0,1014.0,962.0,728.0
GCfix_010181,496,198,62.0,36.0,20.0,16.0,4.0,6.0,2.0,2.0
GCfix_002984,494,218,130.0,50.0,16.0,12.0,10.0,14.0,22.0,4.0
GCfix_001606,492,512,614.0,806.0,740.0,672.0,616.0,792.0,682.0,436.0
GCfix_007930,492,516,538.0,604.0,570.0,470.0,408.0,504.0,384.0,254.0
GCall_009163,490,288,140.0,88.0,52.0,46.0,42.0,30.0,18.0,16.0
GCall_003813,492,598,502.0,706.0,694.0,662.0,564.0,672.0,614.0,432.0
GCfix_008161,492,474,336.0,248.0,216.0,108.0,82.0,62.0,40.0,30.0
GCfix_006793,490,476,526.0,716.0,846.0,714.0,674.0,754.0,816.0,574.0
GCall_008165,490,630,604.0,700.0,838.0,716.0,672.0,788.0,702.0,488.0
GCfix_005294,490,364,150.0,76.0,38.0,28.0,22.0,26.0,10.0,2.0
GCfix_002865,490,332,186.0,182.0,118.0,74.0,56.0,44.0,18.0,16.0
GCall_009033,490,482,502.0,538.0,592.0,524.0,456.0,434.0,368.0,370.0
GCall_007674,492,280,166.0,112.0,80.0,32.0,36.0,26.0,22.0,22.0
GCall_003903,488,634,644.0,760.0,764.0,734.0,624.0,780.0,672.0,472.0
GCall_003527,488,554,526.0,582.0,526.0,422.0,394.0,320.0,294.0,210.0
GCfix_011395,488,626,622.0,794.0,916.0,752.0,752.0,842.0,722.0,526.0
GCfix_005155,490,578,710.0,888.0,782.0,744.0,740.0,812.0,678.0,564.0
GCall_004855,488,320,214.0,218.0,140.0,98.0,58.0,48.0,38.0,14.0
GCall_010052,486,302,168.0,146.0,68.0,64.0,36.0,58.0,32.0,16.0
GCall_007354,486,518,648.0,732.0,772.0,712.0,630.0,730.0,682.0,506.0
GCfix_009774,486,500,546.0,680.0,616.0,566.0,512.0,490.0,464.0,346.0
GCfix_004814,488,578,576.0,642.0,618.0,520.0,532.0,534.0,482.0,390.0
GCfix_002262,488,124,26.0,32.0,16.0,10.0,8.0,4.0,14.0,4.0
GCall_010081,486,568,576.0,746.0,720.0,700.0,648.0,668.0,678.0,488.0
GCall_008864,486,398,298.0,256.0,166.0,90.0,70.0,62.0,42.0,26.0
GCall_001267,486,232,110.0,68.0,30.0,10.0,14.0,6.0,14.0,2.0
GCfix_002668,486,646,594.0,722.0,730.0,712.0,598.0,612.0,580.0,404.0
GCfix_008116,482,266,90.0,58.0,42.0,10.0,14.0,2.0,4.0,2.0
GCfix_000661,484,626,666.0,872.0,880.0,790.0,820.0,892.0,884.0,622.0
GCall_004890,484,320,150.0,102.0,70.0,34.0,14.0,22.0,8.0,6.0
GCall_004494,484,502,556.0,648.0,716.0,630.0,580.0,636.0,516.0,412.0
GCfix_008688,482,314,282.0,222.0,166.0,128.0,124.0,68.0,108.0,66.0
GCfix_007304,484,580,716.0,835.0,908.0,814.0,786.0,942.0,1036.0,766.0
GCfix_003447,484,380,272.0,196.0,140.0,80.0,74.0,38.0,30.0,16.0
GCall_007709,482,572,582.0,801.0,708.0,708.0,748.0,818.0,716.0,496.0
GCall_009905,480,566,538.0,618.0,572.0,509.0,458.0,474.0,430.0,292.0
GCall_003109,484,356,268.0,224.0,156.0,88.0,48.0,34.0,46.0,22.0
GCall_000907,482,390,266.0,304.0,194.0,142.0,116.0,96.0,84.0,54.0
GCfix_003988,480,134,38.0,26.0,26.0,10.0,12.0,10.0,10.0,4.0
GCall_003628,478,502,646.0,632.0,592.0,482.0,402.0,370.0,348.0,240.0
GCfix_011090,478,148,98.0,62.0,46.0,16.0,8.0,10.0,8.0,6.0
GCall_008397,478,536,574.0,632.0,522.0,500.0,390.0,414.0,374.0,288.0
GCall_006946,482,368,250.0,206.0,150.0,100.0,70.0,78.0,42.0,26.0
GCfix_007757,480,572,604.0,640.0,734.0,656.0,694.0,824.0,812.0,586.0
GCfix_003478,478,368,234.0,172.0,116.0,72.0,34.0,30.0,22.0,20.0
GCall_003089,480,630,536.0,668.0,712.0,528.0,554.0,582.0,552.0,356.0
GCall_001203,476,594,624.0,820.0,784.0,744.0,762.0,870.0,822.0,598.0
GCfix_004364,478,630,674.0,772.0,686.0,602.0,602.0,690.0,554.0,384.0
GCfix_001713,476,218,75.0,24.0,36.0,30.0,22.0,24.0,6.0,8.0
GCall_009972,476,184,86.0,48.0,20.0,6.0,10.0,10.0,6.0,6.0
GCfix_002122,478,600,554.0,712.0,668.0,554.0,560.0,614.0,522.0,368.0
GCall_005210,476,700,724.0,936.0,928.0,748.0,832.0,964.0,754.0,602.0
GCall_005173,476,480,526.0,606.0,494.0,404.0,372.0,436.0,404.0,232.0
GCall_000293,474,310,214.0,94.0,74.0,26.0,26.0,4.0,8.0,4.0
GCfix_009764,476,460,526.0,590.0,548.0,586.0,450.0,470.0,414.0,296.0
GCfix_005845,476,264,148.0,70.0,50.0,10.0,12.0,4.0,6.0,2.0
GCfix_009246,478,328,212.0,174.0,124.0,78.0,34.0,30.0,28.0,22.0
GCfix_006390,476,90,18.0,22.0,2.0,6.0,10.0,4.0,2.0,2.0
GCall_000070,474,116,28.0,6.0,6.0,8.0,8.0,8.0,16.0,6.0
GCfix_006179,474,542,684.0,714.0,818.0,790.0,670.0,844.0,818.0,596.0
GCfix_001888,474,502,430.0,486.0,358.0,266.0,244.0,264.0,204.0,116.0
GCall_001778,476,522,644.0,834.0,890.0,748.0,742.0,900.0,748.0,638.0
GCall_001613,474,456,510.0,520.0,580.0,414.0,336.0,356.0,318.0,202.0
GCfix_008531,472,550,654.0,798.0,882.0,734.0,918.0,1000.0,930.0,722.0
GCall_004301,472,94,34.0,12.0,10.0,4.0,2.0,8.0,6.0,2.0
GCfix_001959,472,172,84.0,62.0,26.0,18.0,8.0,16.0,0.0,2.0
GCall_003537,470,424,250.0,212.0,160.0,96.0,90.0,52.0,26.0,30.0
GCfix_001921,476,518,504.0,600.0,586.0,460.0,392.0,452.0,348.0,270.0
GCall_004556,474,390,302.0,266.0,196.0,136.0,76.0,46.0,44.0,40.0
GCfix_011680,468,390,304.0,244.0,140.0,114.0,66.0,44.0,52.0,28.0
GCfix_006675,468,64,8.0,8.0,18.0,8.0,10.0,0.0,2.0,4.0
GCall_007967,466,480,534.0,614.0,554.0,424.0,360.0,366.0,340.0,192.0
GCall_002038,468,520,578.0,706.0,644.0,614.0,564.0,632.0,590.0,408.0
GCall_000011,466,562,658.0,682.0,718.0,620.0,526.0,654.0,618.0,360.0
GCfix_010919,468,516,528.0,544.0,512.0,434.0,332.0,392.0,332.0,194.0
GCfix_003752,466,116,48.0,28.0,18.0,8.0,0.0,10.0,6.0,4.0
GCall_010192,468,628,714.0,800.0,906.0,788.0,806.0,864.0,882.0,660.0
GCall_001080,468,486,612.0,818.0,848.0,740.0,814.0,990.0,950.0,808.0
GCfix_000494,464,498,482.0,478.0,514.0,396.0,348.0,326.0,324.0,204.0
GCall_007245,466,532,446.0,516.0,490.0,400.0,348.0,366.0,352.0,236.0
GCall_000946,468,384,292.0,252.0,186.0,110.0,66.0,80.0,40.0,20.0
GCall_011282,462,596,642.0,782.0,812.0,742.0,728.0,780.0,594.0,526.0
GCall_010980,464,506,442.0,482.0,470.0,354.0,300.0,358.0,262.0,156.0
GCfix_006416,464,186,60.0,26.0,24.0,14.0,12.0,18.0,4.0,10.0
GCfix_004354,462,578,574.0,665.0,596.0,536.0,494.0,580.0,478.0,386.0
GCfix_000543,462,530,594.0,748.0,854.0,738.0,688.0,762.0,748.0,480.0
GCall_006696,466,304,216.0,198.0,148.0,94.0,66.0,54.0,46.0,16.0
GCall_006623,462,316,278.0,240.0,122.0,92.0,62.0,56.0,28.0,26.0
GCall_005948,466,348,242.0,144.0,70.0,60.0,34.0,18.0,22.0,4.0
GCall_002983,462,746,886.0,1014.0,1102.0,920.0,900.0,1126.0,1100.0,838.0
GCall_000870,466,284,202.0,120.0,66.0,42.0,28.0,14.0,12.0,12.0
GCfix_002715,469,570,534.0,630.0,630.0,522.0,422.0,512.0,382.0,318.0
GCall_010329,464,612,628.0,832.0,874.0,738.0,668.0,846.0,858.0,644.0
GCall_004377,462,640,646.0,720.0,816.0,782.0,744.0,796.0,688.0,518.0
GCall_004213,464,540,542.0,714.0,594.0,536.0,462.0,480.0,448.0,386.0
GCfix_001331,462,404,272.0,182.0,146.0,84.0,50.0,38.0,28.0,30.0
GCfix_003192,464,610,590.0,732.0,740.0,690.0,694.0,784.0,710.0,524.0
GCall_002199,464,176,54.0,24.0,27.0,8.0,6.0,4.0,0.0,4.0
GCfix_008946,464,534,522.0,558.0,566.0,408.0,344.0,362.0,366.0,222.0
GCall_001056,462,590,668.0,806.0,824.0,706.0,734.0,748.0,750.0,592.0
GCall_000414,460,600,582.0,700.0,758.0,602.0,600.0,653.0,578.0,470.0
GCfix_009368,458,236,180.0,200.0,108.0,96.0,68.0,70.0,40.0,32.0
GCfix_002543,458,598,604.0,782.0,842.0,692.0,646.0,788.0,682.0,566.0
GCall_011209,458,390,286.0,292.0,238.0,146.0,124.0,104.0,72.0,54.0
GCall_009332,460,286,132.0,108.0,52.0,40.0,18.0,8.0,18.0,8.0
GCall_008141,460,336,286.0,226.0,174.0,112.0,84.0,70.0,28.0,10.0
GCall_011555,458,542,366.0,376.0,294.0,218.0,210.0,126.0,144.0,94.0
GCall_008498,456,248,126.0,34.0,36.0,10.0,18.0,26.0,18.0,10.0
GCall_006488,460,534,552.0,734.0,812.0,764.0,700.0,902.0,806.0,612.0
GCfix_008283,456,462,368.0,312.0,308.0,232.0,200.0,170.0,130.0,80.0
GCfix_006775,456,546,620.0,724.0,698.0,664.0,686.0,700.0,664.0,438.0
GCall_011896,454,92,24.0,8.0,16.0,16.0,14.0,4.0,6.0,10.0
GCall_009907,456,384,264.0,224.0,154.0,90.0,48.0,26.0,42.0,12.0
GCall_003077,458,304,182.0,84.0,66.0,38.0,24.0,32.0,22.0,14.0
GCall_000166,456,378,256.0,206.0,168.0,90.0,76.0,50.0,42.0,22.0
GCall_007880,464,574,690.0,882.0,902.0,880.0,910.0,1082.0,1076.0,798.0
GCfix_006125,456,456,360.0,374.0,332.0,192.0,180.0,168.0,128.0,50.0
GCall_011691,454,398,292.0,276.0,198.0,132.0,88.0,64.0,70.0,38.0
GCall_002225,452,340,166.0,102.0,66.0,40.0,22.0,32.0,12.0,20.0
GCall_001387,456,158,92.0,40.0,18.0,12.0,6.0,6.0,4.0,4.0
GCall_000834,452,276,254.0,200.0,138.0,62.0,74.0,32.0,20.0,20.0
GCfix_009230,454,516,520.0,620.0,626.0,432.0,376.0,376.0,348.0,296.0
GCfix_006184,454,582,674.0,834.0,908.0,802.0,892.0,944.0,894.0,702.0
GCfix_001733,454,80,22.0,14.0,10.0,8.0,4.0,4.0,4.0,2.0
GCall_010929,452,370,170.0,124.0,88.0,36.0,24.0,10.0,8.0,4.0
GCall_009745,450,550,646.0,796.0,882.0,782.0,780.0,870.0,866.0,666.0
GCall_009612,452,552,566.0,606.0,468.0,440.0,358.0,444.0,364.0,264.0
GCfix_002051,452,544,502.0,698.0,658.0,616.0,540.0,642.0,592.0,448.0
GCall_003620,448,558,766.0,846.0,798.0,782.0,778.0,846.0,900.0,660.0
GCall_002020,450,382,246.0,224.0,176.0,120.0,78.0,50.0,44.0,32.0
GCall_000634,450,580,560.0,598.0,632.0,520.0,422.0,478.0,438.0,308.0
GCfix_003174,450,452,396.0,424.0,294.0,188.0,188.0,126.0,102.0,42.0
GCall_001978,448,592,650.0,740.0,648.0,624.0,600.0,604.0,644.0,446.0
GCall_009985,450,536,520.0,664.0,748.0,736.0,664.0,794.0,792.0,568.0
GCall_000024,448,496,520.0,522.0,456.0,456.0,362.0,354.0,284.0,230.0
GCfix_007100,446,482,357.0,314.0,232.0,146.0,96.0,108.0,80.0,32.0
GCfix_005473,444,638,638.0,866.0,874.0,884.0,830.0,1046.0,1034.0,726.0
GCfix_002954,446,570,638.0,704.0,722.0,656.0,512.0,632.0,610.0,478.0
GCall_007316,448,478,658.0,776.0,766.0,716.0,732.0,740.0,796.0,526.0
GCall_009992,442,116,18.0,20.0,14.0,2.0,6.0,10.0,6.0,2.0
GCfix_011381,446,376,256.0,206.0,158.0,100.0,74.0,66.0,66.0,24.0
GCfix_009808,444,386,320.0,282.0,156.0,124.0,112.0,72.0,68.0,46.0
GCall_010523,446,308,180.0,186.0,120.0,84.0,42.0,40.0,28.0,12.0
GCall_002517,444,572,624.0,722.0,748.0,758.0,754.0,814.0,912.0,562.0
GCall_001015,442,120,54.0,24.0,18.0,10.0,18.0,6.0,8.0,2.0
GCfix_011522,444,474,508.0,662.0,876.0,598.0,620.0,668.0,664.0,516.0
GCfix_006932,444,334,250.0,226.0,194.0,166.0,70.0,76.0,64.0,34.0
GCfix_001516,442,142,38.0,26.0,14.0,8.0,12.0,18.0,4.0,8.0
GCfix_011811,442,152,46.0,22.0,4.0,12.0,8.0,4.0,8.0,4.0
GCall_003795,446,580,636.0,694.0,636.0,572.0,456.0,556.0,446.0,330.0
GCall_002734,440,328,220.0,190.0,120.0,78.0,38.0,32.0,24.0,16.0
GCfix_005198,442,546,654.0,680.0,800.0,720.0,728.0,918.0,846.0,568.0
GCall_005373,444,84,12.0,22.0,14.0,6.0,6.0,12.0,10.0,10.0
GCall_003266,442,314,254.0,212.0,150.0,94.0,86.0,64.0,56.0,26.0
GCfix_009836,444,534,470.0,472.0,490.0,366.0,368.0,292.0,306.0,218.0
GCfix_002438,440,154,68.0,30.0,20.0,10.0,4.0,20.0,4.0,8.0
GCall_009637,440,258,106.0,68.0,36.0,20.0,16.0,28.0,14.0,0.0
GCfix_001590,438,128,28.0,38.0,4.0,8.0,4.0,4.0,10.0,2.0
GCfix_000069,440,282,238.0,292.0,222.0,154.0,130.0,120.0,94.0,46.0
GCall_001445,436,556,512.0,563.0,504.0,384.0,364.0,382.0,386.0,247.0
GCfix_000939,440,558,578.0,640.0,802.0,680.0,710.0,834.0,698.0,522.0
GCall_007076,442,568,530.0,518.0,536.0,464.0,414.0,420.0,358.0,252.0
GCall_005548,436,74,12.0,10.0,8.0,4.0,4.0,4.0,2.0,4.0
GCall_005171,438,424,546.0,538.0,512.0,420.0,376.0,388.0,332.0,208.0
GCfix_004694,434,48,22.0,26.0,2.0,10.0,10.0,4.0,0.0,6.0
GCall_008497,436,186,68.0,48.0,28.0,12.0,14.0,20.0,12.0,4.0
GCall_002169,438,380,214.0,164.0,116.0,70.0,50.0,44.0,38.0,26.0
GCall_000366,438,580,654.0,806.0,878.0,728.0,742.0,910.0,834.0,570.0
GCfix_008425,436,284,98.0,92.0,38.0,30.0,10.0,6.0,16.0,8.0
GCfix_003573,436,540,584.0,600.0,626.0,542.0,462.0,610.0,500.0,244.0
GCall_004607,436,412,432.0,408.0,298.0,278.0,238.0,172.0,140.0,82.0
GCfix_011629,436,252,156.0,102.0,56.0,26.0,28.0,24.0,18.0,22.0
GCfix_007548,434,462,562.0,770.0,770.0,758.0,706.0,820.0,744.0,570.0
GCfix_003389,434,536,500.0,588.0,578.0,474.0,456.0,502.0,462.0,290.0
GCfix_002838,434,548,490.0,720.0,642.0,566.0,564.0,596.0,598.0,470.0
GCall_003974,434,310,202.0,174.0,116.0,66.0,42.0,44.0,18.0,6.0
GCall_005924,430,620,612.0,746.0,814.0,702.0,688.0,772.0,672.0,436.0
GCall_002015,432,494,488.0,478.0,430.0,366.0,292.0,260.0,298.0,172.0
GCall_000894,430,360,288.0,194.0,144.0,116.0,100.0,42.0,36.0,20.0
GCfix_007512,430,490,548.0,568.0,590.0,506.0,514.0,568.0,448.0,378.0
GCfix_001049,428,504,560.0,708.0,726.0,664.0,658.0,842.0,700.0,538.0
GCall_003959,430,140,56.0,42.0,32.0,18.0,14.0,20.0,20.0,6.0
GCfix_011795,426,292,226.0,110.0,74.0,34.0,24.0,26.0,12.0,8.0
GCfix_008239,424,422,326.0,272.0,180.0,128.0,70.0,50.0,50.0,28.0
GCfix_000253,426,290,156.0,88.0,50.0,38.0,34.0,42.0,20.0,18.0
GCall_010694,424,492,442.0,518.0,578.0,482.0,484.0,518.0,486.0,294.0
GCall_006569,426,272,158.0,84.0,40.0,18.0,22.0,32.0,8.0,4.0
GCfix_003579,424,602,634.0,744.0,774.0,706.0,674.0,816.0,752.0,474.0
GCfix_001592,426,106,26.0,14.0,12.0,8.0,8.0,4.0,2.0,2.0
GCfix_002482,422,222,90.0,58.0,22.0,14.0,12.0,6.0,4.0,6.0
GCall_009697,424,336,234.0,220.0,134.0,82.0,48.0,46.0,36.0,20.0
GCfix_008952,418,214,98.0,74.0,42.0,28.0,32.0,10.0,22.0,10.0
GCall_002159,422,242,116.0,80.0,42.0,22.0,16.0,18.0,10.0,4.0
GCall_001865,420,550,616.0,604.0,616.0,598.0,596.0,686.0,588.0,516.0
GCall_000123,418,222,80.0,44.0,34.0,12.0,14.0,12.0,8.0,12.0
GCall_010215,418,534,530.0,600.0,664.0,574.0,556.0,582.0,604.0,460.0
GCall_009953,418,116,26.0,18.0,8.0,6.0,0.0,8.0,10.0,2.0
GCall_000703,420,332,256.0,140.0,112.0,56.0,38.0,40.0,26.0,8.0
GCfix_004076,412,634,650.0,918.0,844.0,888.0,894.0,1102.0,1032.0,854.0
GCall_008705,418,450,464.0,494.0,466.0,388.0,320.0,368.0,340.0,202.0
GCfix_005678,414,558,612.0,782.0,820.0,802.0,824.0,950.0,936.0,692.0
GCfix_004684,416,440,378.0,404.0,348.0,252.0,262.0,168.0,146.0,96.0
GCall_011701,412,518,506.0,636.0,702.0,622.0,620.0,652.0,606.0,432.0
GCall_003582,414,26,6.0,10.0,8.0,8.0,4.0,6.0,4.0,0.0
GCall_011580,408,28,12.0,4.0,2.0,4.0,4.0,2.0,0.0,6.0
GCall_008580,410,306,230.0,206.0,130.0,82.0,54.0,44.0,30.0,12.0
GCall_003922,412,566,662.0,812.0,822.0,704.0,698.0,898.0,804.0,602.0
GCfix_009804,410,536,586.0,724.0,714.0,632.0,674.0,732.0,640.0,494.0
GCfix_001466,412,242,140.0,130.0,86.0,38.0,52.0,32.0,14.0,12.0
GCfix_002651,408,388,240.0,212.0,180.0,98.0,44.0,48.0,26.0,10.0
GCall_008239,408,390,464.0,472.0,494.0,368.0,338.0,370.0,342.0,200.0
GCall_011014,404,20,18.0,8.0,14.0,6.0,2.0,0.0,4.0,0.0
GCfix_002913,406,168,40.0,32.0,14.0,16.0,6.0,8.0,2.0,6.0
GCfix_010039,404,330,214.0,212.0,96.0,42.0,44.0,24.0,20.0,6.0
GCall_002851,402,130,34.0,14.0,22.0,12.0,8.0,14.0,10.0,14.0
GCfix_001324,404,92,36.0,10.0,4.0,6.0,8.0,6.0,0.0,2.0
GCall_000752,402,334,222.0,160.0,118.0,102.0,42.0,60.0,40.0,20.0
GCfix_011289,402,518,402.0,538.0,506.0,414.0,334.0,340.0,340.0,194.0
GCall_011257,398,146,44.0,42.0,18.0,24.0,8.0,24.0,12.0,12.0
GCall_009760,404,542,628.0,716.0,724.0,762.0,626.0,798.0,752.0,554.0
GCall_009296,402,54,18.0,12.0,6.0,4.0,6.0,0.0,4.0,2.0
GCall_002514,400,358,338.0,286.0,178.0,118.0,86.0,88.0,78.0,44.0
GCall_002046,400,292,122.0,98.0,42.0,36.0,18.0,26.0,16.0,16.0
GCfix_000276,400,10,4.0,2.0,4.0,4.0,0.0,6.0,0.0,0.0
GCall_006538,398,38,6.0,8.0,2.0,4.0,4.0,8.0,0.0,0.0
GCfix_006046,396,540,648.0,704.0,820.0,742.0,684.0,800.0,804.0,594.0
GCall_007852,394,290,274.0,228.0,218.0,92.0,64.0,46.0,56.0,26.0
GCfix_010822,396,520,464.0,592.0,554.0,378.0,406.0,448.0,440.0,280.0
GCall_001437,392,352,308.0,308.0,254.0,206.0,194.0,140.0,122.0,52.0
GCfix_001423,392,488,652.0,748.0,724.0,778.0,746.0,1022.0,944.0,694.0
GCfix_000765,390,320,266.0,282.0,232.0,200.0,194.0,194.0,130.0,66.0
GCfix_006557,390,142,50.0,20.0,2.0,2.0,0.0,0.0,0.0,0.0
GCfix_001301,392,436,374.0,580.0,540.0,458.0,310.0,354.0,358.0,182.0
GCall_008644,390,520,640.0,684.0,730.0,750.0,752.0,818.0,870.0,584.0
GCall_008392,392,82,22.0,26.0,24.0,18.0,14.0,8.0,22.0,12.0
GCall_004341,388,170,170.0,144.0,84.0,40.0,30.0,26.0,28.0,6.0
GCall_000918,390,474,452.0,462.0,400.0,296.0,296.0,250.0,214.0,128.0
GCall_011148,388,418,500.0,472.0,562.0,414.0,468.0,580.0,446.0,328.0
GCall_010909,386,302,228.0,174.0,154.0,110.0,54.0,44.0,24.0,20.0
GCall_005091,386,346,272.0,184.0,122.0,104.0,56.0,54.0,28.0,28.0
GCfix_008175,384,376,300.0,246.0,208.0,166.0,140.0,96.0,64.0,28.0
GCfix_009980,384,542,520.0,634.0,710.0,604.0,648.0,622.0,622.0,432.0
GCall_010217,392,542,542.0,694.0,702.0,678.0,672.0,704.0,678.0,456.0
GCall_008851,384,300,232.0,176.0,154.0,118.0,60.0,40.0,24.0,20.0
GCfix_003441,382,60,38.0,6.0,10.0,8.0,2.0,8.0,8.0,4.0
GCfix_000662,382,304,230.0,180.0,116.0,68.0,48.0,46.0,32.0,16.0
GCall_005804,384,552,588.0,708.0,794.0,636.0,614.0,636.0,676.0,500.0
GCfix_009530,380,434,458.0,512.0,430.0,422.0,340.0,376.0,332.0,224.0
GCall_006409,378,290,212.0,198.0,80.0,48.0,32.0,36.0,42.0,16.0
GCall_005534,380,124,40.0,26.0,14.0,8.0,2.0,6.0,20.0,6.0
GCfix_009682,380,478,594.0,666.0,656.0,576.0,568.0,604.0,544.0,406.0
GCall_002469,378,52,14.0,6.0,6.0,6.0,6.0,2.0,8.0,4.0
GCfix_007818,374,300,192.0,86.0,88.0,42.0,38.0,28.0,26.0,12.0
GCfix_008651,374,194,68.0,32.0,12.0,6.0,4.0,2.0,0.0,0.0
GCall_002631,372,194,98.0,40.0,16.0,14.0,8.0,8.0,8.0,2.0
GCfix_007858,374,340,228.0,218.0,192.0,104.0,92.0,74.0,46.0,28.0
GCall_009970,372,202,86.0,46.0,26.0,22.0,4.0,8.0,6.0,8.0
GCfix_006246,370,534,610.0,620.0,684.0,710.0,652.0,818.0,644.0,498.0
GCall_003265,370,376,474.0,608.0,640.0,576.0,522.0,644.0,566.0,466.0
GCfix_000468,366,174,90.0,30.0,24.0,18.0,4.0,10.0,8.0,4.0
GCall_007574,366,456,472.0,630.0,634.0,642.0,634.0,794.0,756.0,634.0
GCfix_008322,364,80,18.0,20.0,16.0,16.0,12.0,8.0,2.0,14.0
GCall_000432,364,124,20.0,12.0,18.0,6.0,12.0,8.0,6.0,4.0
GCfix_007293,362,318,364.0,322.0,244.0,166.0,160.0,102.0,104.0,64.0
GCall_006580,362,444,490.0,446.0,484.0,402.0,328.0,388.0,300.0,244.0
GCfix_010724,358,138,32.0,10.0,14.0,14.0,6.0,12.0,10.0,0.0
GCfix_010995,356,280,166.0,140.0,76.0,36.0,18.0,30.0,22.0,20.0
GCfix_006748,356,498,488.0,622.0,684.0,678.0,536.0,692.0,700.0,486.0
GCfix_007432,356,244,204.0,194.0,158.0,98.0,62.0,66.0,34.0,40.0
GCall_011870,354,198,48.0,28.0,8.0,10.0,2.0,4.0,6.0,0.0
GCall_007900,354,264,184.0,128.0,108.0,68.0,32.0,20.0,24.0,24.0
GCall_005794,354,64,10.0,6.0,8.0,4.0,2.0,6.0,2.0,8.0
GCfix_005514,352,54,10.0,4.0,2.0,2.0,2.0,4.0,8.0,0.0
GCall_002381,352,216,192.0,180.0,170.0,92.0,90.0,64.0,78.0,36.0
GCfix_008713,354,78,12.0,6.0,4.0,4.0,14.0,4.0,4.0,6.0
GCall_010756,348,444,524.0,600.0,584.0,542.0,504.0,526.0,564.0,436.0
GCall_002145,348,104,24.0,14.0,16.0,2.0,16.0,4.0,4.0,2.0
GCfix_002761,348,78,10.0,18.0,4.0,12.0,2.0,6.0,8.0,8.0
GCfix_005470,346,212,168.0,136.0,140.0,86.0,92.0,76.0,58.0,22.0
GCall_002611,344,270,276.0,224.0,222.0,138.0,88.0,132.0,98.0,48.0
GCall_009976,340,450,446.0,558.0,530.0,512.0,449.0,480.0,500.0,282.0
GCfix_003914,336,14,6.0,4.0,2.0,0.0,0.0,2.0,0.0,2.0
GCall_000765,338,112,82.0,36.0,16.0,24.0,10.0,20.0,4.0,2.0
GCall_011139,334,374,412.0,444.0,438.0,304.0,318.0,302.0,310.0,184.0
GCall_008298,334,444,460.0,596.0,634.0,552.0,494.0,608.0,616.0,356.0
GCall_005506,332,240,270.0,310.0,226.0,160.0,140.0,170.0,150.0,90.0
GCall_003420,332,170,118.0,74.0,54.0,32.0,20.0,22.0,10.0,10.0
GCall_005901,334,138,46.0,40.0,28.0,10.0,4.0,12.0,10.0,6.0
GCall_001874,330,46,6.0,2.0,6.0,4.0,8.0,4.0,8.0,4.0
GCfix_001024,328,130,42.0,10.0,10.0,12.0,6.0,4.0,0.0,6.0
GCall_010432,326,50,8.0,4.0,6.0,6.0,2.0,4.0,2.0,2.0
GCfix_006488,326,330,318.0,358.0,298.0,256.0,218.0,234.0,166.0,92.0
GCfix_000338,322,38,8.0,0.0,4.0,2.0,8.0,6.0,14.0,10.0
GCall_007634,322,314,266.0,258.0,174.0,94.0,98.0,82.0,78.0,44.0
GCall_007645,320,136,130.0,100.0,78.0,40.0,26.0,10.0,16.0,10.0
GCall_011493,304,10,12.0,8.0,10.0,0.0,0.0,0.0,0.0,2.0
GCall_008335,302,110,94.0,64.0,60.0,14.0,10.0,18.0,14.0,0.0
GCfix_004325,298,138,124.0,84.0,80.0,36.0,40.0,30.0,16.0,10.0
GCfix_010005,296,18,0.0,8.0,2.0,2.0,6.0,0.0,2.0,2.0
GCfix_006234,296,18,4.0,0.0,0.0,6.0,4.0,6.0,2.0,4.0
GCall_001350,292,54,8.0,0.0,4.0,4.0,14.0,8.0,4.0,0.0
GCall_009982,288,14,12.0,8.0,2.0,0.0,2.0,2.0,0.0,0.0
GCfix_010027,288,114,134.0,82.0,70.0,36.0,22.0,24.0,16.0,18.0
GCall_002337,286,30,6.0,4.0,6.0,2.0,0.0,2.0,2.0,0.0
GCall_008869,278,412,422.0,552.0,480.0,414.0,404.0,474.0,472.0,264.0
GCfix_002574,276,18,8.0,18.0,10.0,6.0,6.0,6.0,8.0,8.0
GCall_006796,272,6,0.0,0.0,2.0,2.0,0.0,4.0,4.0,0.0
GCfix_008854,270,22,8.0,0.0,6.0,0.0,2.0,6.0,4.0,0.0
GCall_007775,268,298,314.0,410.0,322.0,274.0,248.0,272.0,226.0,156.0
GCall_001492,266,20,6.0,6.0,6.0,2.0,2.0,0.0,0.0,2.0
GCall_003056,258,38,28.0,10.0,14.0,10.0,6.0,16.0,12.0,6.0
GCfix_005042,258,14,4.0,0.0,2.0,0.0,2.0,4.0,2.0,0.0
GCall_009316,258,42,22.0,8.0,8.0,6.0,8.0,2.0,10.0,6.0
GCall_007813,252,10,2.0,4.0,4.0,0.0,2.0,4.0,0.0,0.0
GCfix_008711,250,16,2.0,2.0,4.0,4.0,0.0,2.0,0.0,4.0
GCfix_010726,246,14,6.0,12.0,6.0,4.0,6.0,2.0,6.0,0.0
GCall_005716,238,182,130.0,86.0,72.0,40.0,30.0,22.0,28.0,12.0
GCfix_000658,230,16,10.0,4.0,8.0,4.0,2.0,2.0,0.0,0.0
GCfix_000120,230,10,4.0,2.0,6.0,2.0,2.0,2.0,0.0,0.0
GCfix_008781,208,80,64.0,52.0,34.0,8.0,16.0,14.0,10.0,2.0
GCfix_006126,206,6,8.0,4.0,6.0,2.0,2.0,0.0,4.0,0.0
GCfix_009742,200,88,56.0,52.0,22.0,12.0,12.0,14.0,6.0,4.0
GCfix_003525,184,22,6.0,0.0,2.0,4.0,2.0,6.0,0.0,0.0
GCall_009807,134,6,4.0,2.0,2.0,0.0,0.0,2.0,0.0,0.0
GCfix_004141,108,46,40.0,26.0,20.0,16.0,8.0,14.0,2.0,8.0
GCfix_001579,136,180,236.0,256.0,338.0,334.0,334.0,414.0,378.0,312.0
GCall_006686,92,4,2.0,2.0,2.0,0.0,0.0,2.0,0.0,0.0
GCfix_000666,80,2,2.0,2.0,6.0,2.0,4.0,2.0,0.0,0.0
GCall_002398,66,24,12.0,6.0,0.0,2.0,0.0,0.0,0.0,0.0
GCfix_001405,62,14,4.0,6.0,0.0,4.0,0.0,2.0,2.0,0.0
GCfix_009551,24,30,42.0,72.0,142.0,130.0,164.0,166.0,214.0,168.0
